Workbook

Sheet Feb-25
C2: CHUDLEIGH HOUSE SCHOOL STAFF LEAVE DAYS
C3: FOR THE MONTH OF FEBRUARY 2025
C4: NAME | D4: POSITION | E4: OPENING | F4: DAYS EARNED | G4: TOTAL | H4: DAYS TAKEN | I4: NET
B5: 1 | C5: ABBY PHIRI | D5: Financial Controller | E5: 25 | F5: 2 | G5: =E5+F5 -> 27 | H5: 1 | I5: =G5-H5 -> 26
B6: 2 | C6: Margaret Mukondwa | D6: Executive Assistant | E6: 133 | F6: 2 | G6: =E6+F6 -> 135 | H6: 0 | I6: =G6-H6 -> 135
B7: 3 | C7: mizzie Mutambo | D7: ass. Accountant | E7: 38 | F7: 2 | G7: =E7+F7 -> 40 | H7: 0 | I7: =G7-H7 -> 40
B8: 4 | C8: Tembo Bertha | D8: teacher Primary | E8: 2 | F8: 2 | G8: =E8+F8 -> 4 | H8: 0 | I8: =G8-H8 -> 4
B9: 5 | C9: Kamanugu Mriiam | D9: Teacher Primary | E9: 2 | F9: 2 | G9: =E9+F9 -> 4 | H9: 0 | I9: =G9-H9 -> 4
B10: 6 | C10: Chisenga Gillian Mwambela | D10: teacher Primary | E10: 2 | F10: 2 | G10: =E10+F10 -> 4 | H10: 0 | I10: =G10-H10 -> 4
B11: 7 | C11: Nambela Mercy | D11: teacher Primary | E11: 2 | F11: 2 | G11: =E11+F11 -> 4 | H11: 2 | I11: =G11-H11 -> 2
B12: 8 | C12: Mutale Mirram | D12: teacher Primary | E12: 27 | F12: 2 | G12: =E12+F12 -> 29 | H12: 0 | I12: =G12-H12 -> 29
B13: 9 | C13: Zimba Francisca | D13: teacher Primary | E13: 2 | F13: 2 | G13: =E13+F13 -> 4 | H13: 0 | I13: =G13-H13 -> 4
B14: 10 | C14: Ireen Nachinga | D14: teacher Primary | E14: 2 | F14: 2 | G14: =E14+F14 -> 4 | H14: 0 | I14: =G14-H14 -> 4
B15: 11 | C15: Munyati Senitor | D15: PCELC - Teacher | E15: 2 | F15: 2 | G15: =E15+F15 -> 4 | H15: 0 | I15: =G15-H15 -> 4
B16: 12 | C16: Banda Mary | D16: PCELC- Teacher | E16: 2 | F16: 2 | G16: =E16+F16 -> 4 | H16: 0 | I16: =G16-H16 -> 4
... B103: 99 | C103: Memory Phiri | D103: Primary | E103: 2 | F103: 2 | G103: =E103+F103 -> 4 | H103: 0 | I103: =G103-H103 -> 4
B104: 100 | C104: Nkhowani Francis | D104: Security | E104: 0 | F104: 2 | G104: =E104+F104 -> 2 | I104: =G104-H104 -> 2
B105: 101 | C105: Mwape Chongo | D105: Primary | E105: 0 | F105: 2 | G105: =E105+F105 -> 2 | H105: 0 | I105: =G105-H105 -> 2
B106: 102 | C106: Mwenya Bruce | D106: Security | E106: 0 | F106: 2 | G106: =E106+F106 -> 2 | H106: 0 | I106: =G106-H106 -> 2
B107: 103 | C107: Richard Chilekwa | D107: Security | E107: 38 | F107: 2 | G107: =E107+F107 -> 40 | H107: 0 | I107: =G107-H107 -> 40
B108: 104 | C108: faides Daka | D108: security | E108: 24 | F108: 2 | G108: =E108+F108 -> 26 | H108: 1 | I108: =G108-H108 -> 25
B109: 105 | C109: Gift Kapalayi | D109: Security | E109: 37 | F109: 2 | G109: =E109+F109 -> 39 | H109: 0 | I109: =G109-H109 -> 39
B110: 106 | C110: Levy Ingwe | D110: Security | E110: 117 | F110: 2 | G110: =E110+F110 -> 119 | H110: 0 | I110: =G110-H110 -> 119
B111: 107 | C111: zulu Anderson | D111: Security | E111: 105 | F111: 2 | G111: =E111+F111 -> 107 | H111: 40 | I111: =G111-H111 -> 67
B112: 108 | C112: Sholobela Abigail | D112: Security Officer | E112: 38 | F112: 2 | G112: =E112+F112 -> 40 | H112: 0 | I112: =G112-H112 -> 40
B113: 109 | C113: sley Banda | D113: Driver | E113: 4 | F113: 2 | G113: =E113+F113 -> 6 | H113: 0 | I113: =G113-H113 -> 6
B114: 110 | C114: Douglas Soko | D114: Teacher Secondary | E114: 2 | F114: 2 | G114: =E114+F114 -> 4 | H114: 0 | I114: =G114-H114 -> 4
B115: 111 | C115: chama Mathews | D115: general Works | E115: 108 | F115: 2 | G115: =E115+F115 -> 110 | H115: 0 | I115: =G115-H115 -> 110
B116: 112 | C116: Mirriam Kamangu | D116: Teacher Primary | E116: 2 | F116: 2 | G116: =E116+F116 -> 4 | H116: 0 | I116: =G116-H116 -> 4
... B121: 118 | C121: nyemba Lwamba | D121: PE teacher | E121: 2 | F121: 2 | G121: =E121+F121 -> 4 | H121: 0 | I121: =G121-H121 -> 4
B122: 119 | C122: Mandona Kangwa | D122: Librarian | E122: 2 | F122: 2 | G122: 0 | H122: 0 | I122: =G122-H122 -> 0
B123: 120 | C123: Katabwa Osward | D123: Secondary | E123: 6 | F123: 2 | G123: =E123+F123 -> 8 | H123: 0 | I123: =G123-H123 -> 8
B124: 123 | C124: Chakufyali Victor | D124: Primary | E124: 2 | F124: 2 | G124: =E124+F124 -> 4 | H124: 0 | I124: =G124-H124 -> 4
B125: 124 | C125: Memory Phiri | D125: Primary | E125: 11 | F125: 2 | G125: =E125+F125 -> 13 | H125: 0 | I125: =G125-H125 -> 13
B126: 125 | C126: Mumba Limpo | D126: Primary | E126: 8 | F126: 0 | G126: =E126+F126 -> 8 | H126: 0 | I126: =G126-H126 -> 8
B127: 126 | C127: Mwape Chongo | D127: Primary | E127: 34 | F127: 2 | G127: =E127+F127 -> 36 | H127: 0 | I127: =G127-H127 -> 36
B128: 127 | C128: kashumba Christabel | D128: Primary | E128: 20 | F128: 2 | G128: =E128+F128 -> 22 | H128: 0 | I128: =G128-H128 -> 22
B129: 128 | C129: Richard Chilekwa | D129: Security | E129: 57 | F129: 2 | G129: =E129+F129 -> 59 | H129: 0 | I129: =G129-H129 -> 59
B130: 129 | C130: Robert Lungu | D130: Driver | E130: 0 | F130: 2 | G130: =E130+F130 -> 2 | H130: 0 | I130: =G130-H130 -> 2
B131: 130 | C131: Gift Kapalayi | D131: Security | E131: 82 | F131: 0 | G131: =E131+F131 -> 82 | H131: 0 | I131: =G131-H131 -> 82
B132: 131 | C132: Levy Ingwe | D132: Security | E132: 13 | F132: 0 | G132: =E132+F132 -> 13 | H132: 0 | I132: =G132-H132 -> 13
B133: 132 | C133: zulu Anderson | D133: Security | E133: 105 | F133: 0 | G133: =E133+F133 -> 105 | H133: 0 | I133: =G133-H133 -> 105
B134: 133 | C134: Sholobela Abigail | D134: Security Officer | E134: 38 | F134: 0 | G134: =E134+F134 -> 38 | H134: 0 | I134: =G134-H134 -> 38
... B139: 138 | C139: Chongo Lillian | D139: General Works | E139: 47 | F139: 2 | G139: =E139+F139 -> 49 | H139: 0 | I139: =G139-H139 -> 49
B140: 139 | C140: felix Mukuni | D140: Security | E140: 46 | F140: 0 | G140: =E140+F140 -> 46 | H140: 0 | I140: 0
B141: 140 | C141: Bwalya Mwansa | D141: Transport | E141: 53 | F141: 0 | G141: 0 | H141: 0 | I141: =G141-H141 -> 0
B142: 141 | C142: Godfrey Musonda | D142: ICT Techer | E142: 10 | F142: 0 | G142: =E142+F142 -> 10 | H142: 0 | I142: =G142-H142 -> 10
B143: 142 | C143: Nkanta Andrew | D143: ICT Techer | E143: -19 | F143: 2 | G143: =E143+F143 -> -17 | H143: 0 | I143: =G143-H143 -> -17
B144: 143 | C144: WillFord Samwimwi | D144: General Worker | E144: 0 | F144: 2 | G144: =E144+F144 -> 2 | H144: 0 | I144: =G144-H144 -> 2
B145: 144 | C145: lasco Chelo | D145: Office Assistant | E145: 5 | F145: 2 | G145: =E145+F145 -> 7 | H145: 0 | I145: =G145-H145 -> 7
B146: 145 | C146: yvon Bwalya | D146: Teacher - Music | E146: 0 | F146: 2 | G146: =E146+F146 -> 2 | H146: 0 | I146: =G146-H146 -> 2
B147: 146 | C147: Chola Nsemiwe | D147: Media Assistant | E147: 0 | F147: 2 | G147: =E147+F147 -> 2 | H147: 0 | I147: =G147-H147 -> 2
B148: 147 | C148: mofu Mutale Francis | D148: teacher -secondary | E148: -2 | F148: 2 | G148: =E148+F148 -> 0 | H148: 0 | I148: =G148-H148 -> 0
B149: 148 | C149: Lubuto Chanda | D149: Secretary | E149: 5 | F149: 2 | G149: =E149+F149 -> 7 | H149: 1 | I149: =G149-H149 -> 6
B150: 149 | C150: Mary Kakungu | D150: Teacher -secondary | E150: 2 | F150: 2 | G150: =E150+F150 -> 4 | H150: 0 | I150: =G150-H150 -> 4
B151: 150 | C151: victor Chuulu | D151: Security Officer | E151: 38 | F151: 2 | G151: =E151+F151 -> 40 | H151: 0 | I151: =G151-H151 -> 40
B152: 151 | C152: Diana Zulu | D152: Public Health | E152: 3 | F152: 2 | G152: =E152+F152 -> 5 | H152: 7 | I152: =G152-H152 -> -2
B153: 152 | C153: Maggie Phiri | D153: procurement officer | E153: 0 | F153: 2 | G153: =E153+F153 -> 2 | H153: 0 | I153: =G153-H153 -> 2
... B170: 169 | C170: Mwiinde Clement | D170: Primary | E170: 0 | F170: 2 | G170: =E170+F170 -> 2 | H170: 0 | I170: =G170-H170 -> 2
B171: 170 | D171: Primary | E171: 16 | F171: 2 | G171: =E171+F171 -> 18 | H171: 0 | I171: =G171-H171 -> 18
B172: 171 | C172: Nalwamba Temwananji | D172: Primary | E172: 0 | F172: 2 | G172: =E172+F172 -> 2 | H172: 0 | I172: =G172-H172 -> 2
B173: 172 | C173: Mirriam Kyabu | D173: Primary | E173: 0 | F173: 2 | G173: =E173+F173 -> 2 | H173: 0 | I173: =G173-H173 -> 2
B174: 173 | C174: Emmanuel Lyapali | D174: Security | E174: 21 | F174: 2 | G174: =E174+F174 -> 23 | H174: 0 | I174: =G174-H174 -> 23
B175: 174 | C175: Andeless Phiri | D175: PCELC | E175: 5 | F175: 2 | G175: =E175+F175 -> 7 | H175: 0 | I175: =G175-H175 -> 7
B176: 175 | C176: emmanuel Mwila | D176: Security | E176: 25 | F176: 2 | G176: =E176+F176 -> 27 | H176: 0 | I176: =G176-H176 -> 27
B177: 176 | C177: Ruth Njovu | D177: PCELC Helper | E177: -1 | F177: 2 | G177: =E177+F177 -> 1 | H177: 0 | I177: =G177-H177 -> 1
B178: 177 | C178: Clara Katontoka | D178: General Works | E178: 9 | F178: 2 | G178: =E178+F178 -> 11 | H178: 0 | I178: =G178-H178 -> 11
B179: 178 | C179: Chileshe Kabwe | D179: Secondary Teacher | E179: 1 | F179: 2 | G179: =E179+F179 -> 3 | H179: 3 | I179: =G179-H179 -> 0
B180: 179 | C180: Nickson Banda | D180: General works | E180: 14 | F180: 2 | G180: =E180+F180 -> 16 | H180: 0 | I180: =G180-H180 -> 16
B181: 180 | C181: Paul Mwale | D181: Security | E181: 14 | F181: 2 | G181: =E181+F181 -> 16 | H181: 0 | I181: =G181-H181 -> 16
B182: 181 | C182: Eric Mwale | D182: Front Office | E182: 0 | F182: 2 | G182: =E182+F182 -> 2 | H182: 0 | I182: =G182-H182 -> 2
B183: 180 | C183: Prince Banda | D183: Front Office | E183: 0 | F183: 2 | G183: =E183+F183 -> 2 | H183: 0 | I183: =G183-H183 -> 2
... B186: 180 | C186: Catherine Mwamba | D186: Secondary | E186: 2 | F186: 2 | G186: =E186+F186 -> 4 | H186: 0 | I186: =G186-H186 -> 4
B187: 180 | E187: 0 | F187: 2 | G187: =E187+F187 -> 2 | H187: 0 | I187: =G187-H187 -> 2
B188: 180 | E188: 0 | F188: 2 | G188: =E188+F188 -> 2 | H188: 0 | I188: =G188-H188 -> 2
B189: 180 | E189: 0 | F189: 2 | G189: =E189+F189 -> 2 | H189: 0 | I189: =G189-H189 -> 2

Sheet Mar-25
B2: CHUDLEIGH HOUSE SCHOOL STAFF LEAVE DAYS
B3: FOR THE MONTH OF MARCH 2022
B4: NAME | C4: POSITION | D4: OPENING | E4: DAYS EARNED | F4: TOTAL | G4: DAYS TAKEN | H4: NET
A5: 1 | B5: ABBY PHIRI | C5: Financial Controller | D5: 26 | E5: 2 | F5: =D5+E5 -> 28 | H5: =F5-G5 -> 28
A6: 2 | B6: Margaret Mukondwa | C6: Executive Assistant | D6: 135 | E6: 2 | F6: =D6+E6 -> 137 | G6: 6 | H6: =F6-G6 -> 131
A7: 3 | B7: mizzie Mutambo | C7: ass. Accountant | D7: 40 | E7: 2 | F7: =D7+E7 -> 42 | H7: =F7-G7 -> 42
A8: 4 | B8: Tembo Bertha | C8: teacher Primary | D8: 4 | E8: 2 | F8: =D8+E8 -> 6 | H8: =F8-G8 -> 6
A9: 5 | B9: Kamanugu Mriiam | C9: Teacher Primary | D9: 4 | E9: 2 | F9: =D9+E9 -> 6 | H9: =F9-G9 -> 6
A10: 6 | B10: Chisenga Gillian Mwambela | C10: teacher Primary | D10: 4 | E10: 2 | F10: =D10+E10 -> 6 | H10: =F10-G10 -> 6
A11: 7 | B11: Nambela Mercy | C11: teacher Primary | D11: 4 | E11: 2 | F11: =D11+E11 -> 6 | G11: 12 | H11: =F11-G11 -> -6
A12: 8 | D12: 0 | E12: 2 | F12: =D12+E12 -> 2 | H12: =F12-G12 -> 2
A13: 9 | B13: Zimba Francisca | C13: teacher Primary | D13: 4 | E13: 2 | F13: =D13+E13 -> 6 | H13: =F13-G13 -> 6
A14: 10 | B14: Ireen Nachinga | C14: teacher Primary | D14: 4 | E14: 2 | F14: =D14+E14 -> 6 | H14: =F14-G14 -> 6
A15: 11 | B15: Munyati Senitor | C15: PCELC - Teacher | D15: 4 | E15: 2 | F15: =D15+E15 -> 6 | H15: =F15-G15 -> 6
A16: 12 | B16: Banda Mary | C16: PCELC- Teacher | D16: 4 | E16: 2 | F16: =D16+E16 -> 6 | H16: =F16-G16 -> 6
A17: 13 | B17: Mwanida Jere | C17: PCELC- Teacher | D17: 4 | E17: 2 | F17: =D17+E17 -> 6 | H17: =F17-G17 -> 6
A18: 14 | B18: George Kakoma | C18: Cashier | D18: 19 | E18: 2 | F18: =D18+E18 -> 21 | H18: =F18-G18 -> 21
A19: 15 | B19: Masebo Hudson | C19: School Bursar | D19: 104 | E19: 2 | F19: =D19+E19 -> 106 | H19: =F19-G19 -> 106
A20: 16 | B20: Nancy nanyangwe | C20: Cashier | D20: 69 | E20: 2 | F20: =D20+E20 -> 71 | H20: =F20-G20 -> 71
A21: 17 | B21: samuel Chinyama | C21: Teacher | D21: 6 | E21: 2 | F21: =D21+E21 -> 8 | H21: =F21-G21 -> 8
A22: 18 | B22: besa Godfrey | C22: Senior Techer | D22: 8 | E22: 2 | F22: =D22+E22 -> 10 | H22: =F22-G22 -> 10
A23: 19 | B23: Mario Kambani | C23: General Works | D23: 15 | E23: 2 | F23: =D23+E23 -> 17 | H23: =F23-G23 -> 17
A24: 20 | D24: 0 | E24: 2 | F24: =D24+E24 -> 2 | H24: =F24-G24 -> 2
A25: 21 | B25: Timothy Phiri | C25: General Works | D25: 20 | E25: 2 | F25: =D25+E25 -> 22 | H25: =F25-G25 -> 22
A26: 22 | B26: Winnie Sishwani | C26: Teacher Secondary | D26: 7 | E26: 2 | F26: =D26+E26 -> 9 | H26: =F26-G26 -> 9
A27: 23 | B27: Valentine Zulu | C27: Teacher Secondary | D27: 4 | E27: 2 | F27: =D27+E27 -> 6 | H27: =F27-G27 -> 6
A28: 24 | B28: Tembo Diana | C28: lib Assitant | D28: 12 | E28: 2 | F28: =D28+E28 -> 14 | H28: =F28-G28 -> 14
A29: 25 | D29: 0 | E29: 2 | F29: =D29+E29 -> 2 | H29: =F29-G29 -> 2
A30: 26 | B30: Anderson Ngulube | C30: Secondary | D30: 4 | E30: 2 | F30: =D30+E30 -> 6 | H30: =F30-G30 -> 6
A31: 27 | D31: 0 | E31: 2 | F31: =D31+E31 -> 2 | H31: =F31-G31 -> 2
A32: 28 | B32: kalongana Nyambe | C32: security | D32: 89 | E32: 2 | F32: =D32+E32 -> 91 | H32: =F32-G32 -> 91
A33: 29 | B33: Namakala Mackenzie | C33: Primary Head | D33: 16 | E33: 2 | F33: =D33+E33 -> 18 | H33: =F33-G33 -> 18
A34: 30 | B34: Mashewa Alice | C34: Primary | D34: 4 | E34: 2 | F34: =D34+E34 -> 6 | H34: =F34-G34 -> 6
A35: 31 | B35: Rose Daka | C35: PCELC | D35: 4 | E35: 2 | F35: =D35+E35 -> 6 | G35: 1 | H35: =F35-G35 -> 5
A36: 32 | B36: priscilla Muluso | C36: primary | D36: 4 | E36: 2 | F36: =D36+E36 -> 6 | H36: =F36-G36 -> 6
A37: 33 | B37: Banda Esther | C37: prmary | D37: 4 | E37: 2 | F37: =D37+E37 -> 6 | H37: =F37-G37 -> 6
A38: 34 | B38: beatrice Kasuka | C38: General works | D38: 48 | E38: 2 | F38: =D38+E38 -> 50 | H38: =F38-G38 -> 50
A39: 35 | B39: gwaba Mweemba | C39: Head Secondary | D39: 34 | E39: 2 | F39: =D39+E39 -> 36 | H39: =F39-G39 -> 36
A40: 36 | B40: caleb Simuchimba | C40: Secondary | D40: 4 | E40: 2 | F40: =D40+E40 -> 6 | H40: =F40-G40 -> 6
A41: 37 | B41: Kabemba Kim Kabemba | C41: Primary | D41: 4 | E41: 2 | F41: =D41+E41 -> 6 | H41: =F41-G41 -> 6
A42: 38 | B42: mtonga camila | C42: Primary | D42: 4 | E42: 2 | F42: =D42+E42 -> 6 | H42: =F42-G42 -> 6
A43: 39 | B43: Kasaro Flatter | C43: Primary - senior | D43: 4 | E43: 2 | F43: =D43+E43 -> 6 | H43: =F43-G43 -> 6
A44: 40 | B44: Jere Davison | C44: Primary | D44: 8 | E44: 2 | F44: =D44+E44 -> 10 | G44: 4 | H44: =F44-G44 -> 6
A45: 41 | B45: Hellen Botha | C45: PCELC | D45: 2 | E45: 2 | F45: =D45+E45 -> 4 | H45: =F45-G45 -> 4
A46: 42 | B46: Khondowe Laureen | C46: Primary | D46: 4 | E46: 2 | F46: =D46+E46 -> 6 | H46: =F46-G46 -> 6
A47: 43 | B47: mvula Sayenera | C47: Secondary | D47: 6 | E47: 2 | F47: =D47+E47 -> 8 | H47: =F47-G47 -> 8
A48: 44 | B48: Faith Hanunga | C48: Secretary | D48: 8 | E48: 2 | F48: =D48+E48 -> 10 | H48: =F48-G48 -> 10
A49: 45 | B49: Chinuuka Gloria | C49: Secretary | D49: 96 | E49: 2 | F49: =D49+E49 -> 98 | H49: =F49-G49 -> 98
A50: 46 | B50: Zulu Golden | C50: property Manager | D50: 44 | E50: 2 | F50: =D50+E50 -> 46 | G50: 3 | H50: =F50-G50 -> 43
A51: 47 | B51: Alexander Muteba | C51: Security officer | D51: 86 | E51: 2 | F51: =D51+E51 -> 88 | G51: 2 | H51: =F51-G51 -> 86
A52: 48 | B52: Hellen Mbewe | C52: Head PCELC | D52: 119 | E52: 2 | F52: =D52+E52 -> 121 | H52: =F52-G52 -> 121
A53: 49 | B53: Bertha Shantotola | C53: Teacher PCELC | D53: 4 | E53: 2 | F53: =D53+E53 -> 6 | H53: =F53-G53 -> 6
A54: 50 | B54: Priscilla Lutele | C54: Teacher PCELC | D54: 4 | E54: 2 | F54: =D54+E54 -> 6 | H54: =F54-G54 -> 6
A55: 51 | B55: Bwalya Mwaba | C55: Teacher PCELc | D55: 4 | E55: 2 | F55: =D55+E55 -> 6 | G55: 6 | H55: =F55-G55 -> 0
A56: 52 | B56: Tracy Chuulu | C56: teacher PCELC | D56: 4 | E56: 2 | F56: =D56+E56 -> 6 | G56: 5 | H56: =F56-G56 -> 1
A57: 53 | B57: Barbra Bwalya | C57: Teacher PCELC | D57: 4 | E57: 2 | F57: =D57+E57 -> 6 | H57: =F57-G57 -> 6
A58: 54 | B58: Dorcus Mwinina | C58: ELC Helper | D58: 78 | E58: 2 | F58: =D58+E58 -> 80 | H58: =F58-G58 -> 80
A59: 55 | B59: Ruth Zinduna | C59: General Works | D59: 37 | E59: 2 | F59: =D59+E59 -> 39 | H59: =F59-G59 -> 39
A60: 56 | B60: Moyo Tendai | C60: General Works | D60: 57 | E60: 2 | F60: =D60+E60 -> 59 | H60: =F60-G60 -> 59
A61: 57 | B61: Nyedwa Eneless | C61: general Works | D61: 30 | E61: 2 | F61: =D61+E61 -> 32 | H61: =F61-G61 -> 32
A62: 58 | B62: Alex Mulenga | C62: General works | D62: 116 | E62: 2 | F62: =D62+E62 -> 118 | H62: =F62-G62 -> 118
A63: 59 | B63: Lyson Mbelenji | C63: general works | D63: 145 | E63: 2 | F63: =D63+E63 -> 147 | H63: =F63-G63 -> 147
A64: 60 | B64: amon Kaluba | C64: general works | D64: 45 | E64: 2 | F64: =D64+E64 -> 47 | H64: =F64-G64 -> 47
A65: 61 | B65: Lingson Zulu | C65: General works | D65: 44 | E65: 2 | F65: =D65+E65 -> 46 | G65: 2 | H65: =F65-G65 -> 44
A66: 62 | B66: sakala Christine | C66: general works | D66: 87 | E66: 2 | F66: =D66+E66 -> 89 | H66: =F66-G66 -> 89
A67: 63 | B67: David Banda | C67: General works | D67: 46 | E67: 2 | F67: =D67+E67 -> 48 | G67: 1 | H67: =F67-G67 -> 47
A68: 64 | B68: mtonga James | C68: General Works | D68: 48 | E68: 2 | F68: =D68+E68 -> 50 | H68: =F68-G68 -> 50
A69: 65 | B69: Raymond Zulu | C69: General works | D69: 68 | E69: 2 | F69: =D69+E69 -> 70 | H69: =F69-G69 -> 70
A70: 66 | B70: Christopher Sakala | C70: General works | D70: 37 | E70: 2 | F70: =D70+E70 -> 39 | H70: =F70-G70 -> 39
A71: 67 | B71: Moyo Hastings | C71: general Works | D71: 75 | E71: 2 | F71: =D71+E71 -> 77 | H71: =F71-G71 -> 77
A72: 68 | B72: Mwikisa Lubosi | C72: General Works | D72: 82 | E72: 2 | F72: =D72+E72 -> 84 | H72: =F72-G72 -> 84
A73: 69 | B73: martin Kampamba | C73: General Works | D73: 113 | E73: 2 | F73: =D73+E73 -> 115 | H73: =F73-G73 -> 115
A74: 70 | B74: Lungu Stella | C74: General Works | D74: 41 | E74: 2 | F74: =D74+E74 -> 43 | H74: =F74-G74 -> 43
A75: 71 | D75: 0 | E75: 2 | F75: =D75+E75 -> 2 | H75: =F75-G75 -> 2
A76: 72 | B76: harriet Tembo | C76: PCELC | D76: 68 | E76: 2 | F76: =D76+E76 -> 70 | H76: =F76-G76 -> 70
A77: 73 | B77: imbuwa Kakanda | C77: PCEL | D77: 42 | E77: 2 | F77: =D77+E77 -> 44 | H77: =F77-G77 -> 44
A78: 74 | B78: situmbeko mwangala | C78: elc helper | D78: 46 | E78: 2 | F78: =D78+E78 -> 48 | H78: =F78-G78 -> 48
A79: 75 | B79: Esnart Mwanza | C79: PCELC | D79: 29 | E79: 2 | F79: =D79+E79 -> 31 | H79: =F79-G79 -> 31
A80: 76 | B80: nakaundi getrude | C80: elc helper | D80: 69 | E80: 2 | F80: =D80+E80 -> 71 | H80: =F80-G80 -> 71
A81: 77 | B81: njovu samson | C81: driver | D81: 86 | E81: 2 | F81: =D81+E81 -> 88 | H81: =F81-G81 -> 88
A82: 78 | B82: nicholus nsemiwe | C82: ass accountant | D82: 200 | E82: 2 | F82: =D82+E82 -> 202 | H82: =F82-G82 -> 202
A83: 79 | B83: chola Sichivula | C83: driver | D83: 44 | E83: 2 | F83: =D83+E83 -> 46 | H83: =F83-G83 -> 46
A84: 80 | B84: zimba Robert | C84: head Driver | D84: 84 | E84: 2 | F84: =D84+E84 -> 86 | G84: 1 | H84: =F84-G84 -> 85
A85: 81 | B85: kelvin banda | C85: driver | D85: 27 | E85: 2 | F85: =D85+E85 -> 29 | H85: =F85-G85 -> 29
A86: 82 | B86: Kambani Benson | C86: Driver | D86: 52 | E86: 2 | F86: =D86+E86 -> 54 | H86: =F86-G86 -> 54
A87: 83 | D87: 0 | E87: 2 | F87: =D87+E87 -> 2 | H87: =F87-G87 -> 2
A88: 84 | B88: siyanga George | C88: driver | D88: 51 | E88: 2 | F88: =D88+E88 -> 53 | H88: =F88-G88 -> 53
A89: 85 | B89: malumani malumani | C89: driver | D89: 54 | E89: 2 | F89: =D89+E89 -> 56 | H89: =F89-G89 -> 56
A90: 86 | B90: chirwa Gibson | C90: driver | D90: 32 | E90: 3 | F90: =D90+E90 -> 35 | H90: =F90-G90 -> 35
A91: 87 | B91: ignatius nyakawele | C91: driver | D91: 85 | E91: 2 | F91: =D91+E91 -> 87 | H91: =F91-G91 -> 87
A92: 88 | B92: mwansa bwalya | C92: driver | D92: 58 | E92: 2 | F92: =D92+E92 -> 60 | H92: =F92-G92 -> 60
A93: 89 | B93: Mary Khoza | C93: general works | D93: 119 | E93: 2 | F93: =D93+E93 -> 121 | H93: =F93-G93 -> 121
A94: 90 | B94: Mulima Wakumelo | C94: general works | D94: 219.5 | E94: 2 | F94: =D94+E94 -> 221.5 | H94: =F94-G94 -> 221.5
A95: 91 | B95: kapinda Wakumelo | C95: general works | D95: 94 | E95: 2 | F95: =D95+E95 -> 96 | H95: =F95-G95 -> 96
A96: 92 | B96: Mainza Chipepo | C96: Media Officer | D96: 79 | E96: 2 | F96: =D96+E96 -> 81 | H96: =F96-G96 -> 81
A97: 93 | B97: Chisela M silwamba | C97: HRO | D97: 84 | E97: 2 | F97: =D97+E97 -> 86 | H97: =F97-G97 -> 86
A98: 94 | B98: Mandona Kangwa | C98: Librarian | D98: 4 | E98: 2 | F98: =D98+E98 -> 6 | H98: =F98-G98 -> 6
A99: 95 | B99: Katabwa Osward | C99: Secondary | D99: 4 | E99: 2 | F99: =D99+E99 -> 6 | H99: =F99-G99 -> 6
A100: 96 | B100: mwansa Kalizya | C100: Swimming | D100: 3 | E100: 2 | F100: =D100+E100 -> 5 | H100: =F100-G100 -> 5
A101: 97 | D101: 0 | E101: 2 | F101: =D101+E101 -> 2 | H101: =F101-G101 -> 2
...

Sheet Apr-25
B2: CHUDLEIGH HOUSE SCHOOL STAFF LEAVE DAYS
B3: NAME | C3: POSITION
A4: 1 | B4: ABBY PHIRI | C4: Financial Controller | D4: OPENING | E4: DAYS EARNED | F4: TOTAL | G4: DAYS TAKEN | H4: NET
A5: 2 | B5: Margaret Mukondwa | C5: Executive Assistant | D5: 28 | E5: 2 | F5: =D5+E5 -> 30 | G5: 0 | H5: =F5-G5 -> 30
A6: 3 | B6: mizzie Mutambo | C6: ass. Accountant | D6: 137 | E6: 2 | F6: =D6+E6 -> 139 | G6: 0 | H6: =F6-G6 -> 139
A7: 4 | B7: Tembo Bertha | C7: teacher Primary | D7: 42 | E7: 2 | F7: =D7+E7 -> 44 | G7: 0 | H7: =F7-G7 -> 44
A8: 5 | B8: Kamanugu Mriiam | C8: Teacher Primary | D8: 6 | E8: 2 | F8: =D8+E8 -> 8 | G8: 8 | H8: =F8-G8 -> 0
A9: 6 | B9: Chisenga Gillian Mwambela | C9: teacher Primary | D9: 6 | E9: 2 | F9: =D9+E9 -> 8 | G9: 8 | H9: =F9-G9 -> 0
A10: 7 | B10: Nambela Mercy | C10: teacher Primary | D10: 6 | E10: 2 | F10: =D10+E10 -> 8 | G10: 8 | H10: =F10-G10 -> 0
A11: 8 | D11: -6 | E11: 2 | F11: =D11+E11 -> -4 | G11: 0 | H11: =F11-G11 -> -4
A12: 9 | B12: Zimba Francisca | C12: teacher Primary | D12: 2 | E12: 2 | F12: =D12+E12 -> 4 | G12: 8 | H12: =F12-G12 -> -4
A13: 10 | B13: Ireen Nachinga | C13: teacher Primary | D13: 6 | E13: 2 | F13: =D13+E13 -> 8 | G13: 8 | H13: =F13-G13 -> 0
A14: 11 | B14: Munyati Senitor | C14: PCELC - Teacher | D14: 6 | E14: 2 | F14: =D14+E14 -> 8 | G14: 8 | H14: =F14-G14 -> 0
A15: 12 | B15: Banda Mary | C15: PCELC- Teacher | D15: 6 | E15: 2 | F15: =D15+E15 -> 8 | G15: 0 | H15: =F15-G15 -> 8
A16: 13 | B16: Mwanida Jere | C16: PCELC- Teacher | D16: 6 | E16: 2 | F16: =D16+E16 -> 8 | G16: 8 | H16: =F16-G16 -> 0
A17: 14 | B17: George Kakoma | C17: Cashier | D17: 6 | E17: 2 | F17: =D17+E17 -> 8 | G17: 14 | H17: =F17-G17 -> -6
A18: 15 | B18: Masebo Hudson | C18: School Bursar | D18: 21 | E18: 2 | F18: =D18+E18 -> 23 | G18: 0 | H18: =F18-G18 -> 23
A19: 16 | B19: Nancy nanyangwe | C19: Cashier | D19: 106 | E19: 2 | F19: =D19+E19 -> 108 | G19: 9 | H19: =F19-G19 -> 99
A20: 17 | B20: samuel Chinyama | C20: Teacher | D20: 8 | E20: 2 | F20: =D20+E20 -> 10 | G20: 8 | H20: =F20-G20 -> 2
A21: 18 | B21: besa Godfrey | C21: Senior Techer | D21: 8 | E21: 2 | F21: =D21+E21 -> 10 | G21: 8 | H21: =F21-G21 -> 2
A22: 19 | B22: Mario Kambani | C22: General Works | D22: 10 | E22: 2 | F22: =D22+E22 -> 12 | G22: 11 | H22: =F22-G22 -> 1
A23: 20 | D23: 17 | E23: 2 | F23: =D23+E23 -> 19 | G23: 0 | H23: =F23-G23 -> 19
A24: 21 | B24: Timothy Phiri | C24: General Works | D24: 2 | E24: 2 | F24: =D24+E24 -> 4 | G24: 2 | H24: =F24-G24 -> 2
A25: 22 | B25: Winnie Sishwani | C25: Teacher Secondary | D25: 22 | E25: 2 | F25: =D25+E25 -> 24 | G25: 0 | H25: =F25-G25 -> 24
A26: 23 | B26: Valentine Zulu | C26: Teacher Secondary | D26: 6 | E26: 2 | F26: =D26+E26 -> 8 | G26: 8 | H26: =F26-G26 -> 0
A27: 24 | B27: Tembo Diana | C27: lib Assitant | D27: 6 | E27: 2 | F27: =D27+E27 -> 8 | G27: 0 | H27: =F27-G27 -> 8
A28: 25 | D28: 14 | E28: 2 | F28: =D28+E28 -> 16 | G28: 0 | H28: =F28-G28 -> 16
A29: 26 | B29: Anderson Ngulube | C29: Secondary | D29: 6 | E29: 2 | F29: =D29+E29 -> 8 | G29: 8 | H29: =F29-G29 -> 0
A30: 27 | D30: 6 | E30: 2 | F30: =D30+E30 -> 8 | G30: 0 | H30: =F30-G30 -> 8
A31: 28 | B31: kalongana Nyambe | C31: security | D31: 2 | E31: 2 | F31: =D31+E31 -> 4 | G31: 0 | H31: =F31-G31 -> 4
A32: 29 | B32: Namakala Mackenzie | C32: Primary Head | D32: 91 | E32: 2 | F32: =D32+E32 -> 93 | G32: 1 | H32: =F32-G32 -> 92
A33: 30 | B33: Mashewa Alice | C33: Primary | D33: 18 | E33: 2 | F33: =D33+E33 -> 20 | G33: 0 | H33: =F33-G33 -> 20
A34: 31 | B34: Rose Daka | C34: PCELC | D34: 6 | E34: 2 | F34: =D34+E34 -> 8 | G34: 8 | H34: =F34-G34 -> 0
A35: 32 | B35: priscilla Muluso | C35: primary | D35: 5 | E35: 2 | F35: =D35+E35 -> 7 | G35: 0 | H35: =F35-G35 -> 7
A36: 33 | B36: Banda Esther | C36: prmary | D36: 6 | E36: 2 | F36: =D36+E36 -> 8 | G36: 8 | H36: =F36-G36 -> 0
A37: 34 | B37: beatrice Kasuka | C37: General works | D37: 6 | E37: 2 | F37: =D37+E37 -> 8 | G37: 8 | H37: =F37-G37 -> 0
A38: 35 | B38: gwaba Mweemba | C38: Head Secondary | D38: 50 | E38: 2 | F38: =D38+E38 -> 52 | H38: =F38-G38 -> 52
A39: 36 | B39: caleb Simuchimba | C39: Secondary | D39: 36 | E39: 2 | F39: =D39+E39 -> 38 | G39: 0 | H39: =F39-G39 -> 38
A40: 37 | B40: Kabemba Kim Kabemba | C40: Primary | D40: 6 | E40: 2 | F40: =D40+E40 -> 8 | G40: 8 | H40: =F40-G40 -> 0
A41: 38 | B41: mtonga camila | C41: Primary | D41: 6 | E41: 2 | F41: =D41+E41 -> 8 | G41: 8 | H41: =F41-G41 -> 0
A42: 39 | B42: Kasaro Flatter | C42: Primary - senior | D42: 6 | E42: 2 | F42: =D42+E42 -> 8 | G42: 8 | H42: =F42-G42 -> 0
A43: 40 | B43: Jere Davison | C43: Primary | D43: 6 | E43: 2 | F43: =D43+E43 -> 8 | G43: 0 | H43: =F43-G43 -> 8
A44: 41 | B44: Hellen Botha | C44: PCELC | D44: 4 | E44: 2 | F44: =D44+E44 -> 6 | G44: 8 | H44: =F44-G44 -> -2
A45: 42 | B45: Khondowe Laureen | C45: Primary | D45: 2 | E45: 2 | F45: =D45+E45 -> 4 | G45: 0 | H45: =F45-G45 -> 4
A46: 43 | B46: mvula Sayenera | C46: Secondary | D46: 6 | E46: 2 | F46: =D46+E46 -> 8 | G46: 8 | H46: =F46-G46 -> 0
A47: 44 | B47: Faith Hanunga | C47: Secretary | D47: 8 | E47: 2 | F47: =D47+E47 -> 10 | G47: 0 | H47: =F47-G47 -> 10
A48: 45 | B48: Chinuuka Gloria | C48: Secretary | D48: 98 | E48: 2 | F48: =D48+E48 -> 100 | G48: 6 | H48: =F48-G48 -> 94
A49: 46 | B49: Zulu Golden | C49: property Manager | D49: 98 | E49: 2 | F49: =D49+E49 -> 100 | G49: 3 | H49: =F49-G49 -> 97
A50: 47 | B50: Alexander Muteba | C50: Security officer | D50: 43 | E50: 2 | F50: =D50+E50 -> 45 | G50: 0 | H50: =F50-G50 -> 45
... A73: 70 | B73: Lungu Stella | C73: General Works | D73: 115 | E73: 2 | F73: =D73+E73 -> 117 | G73: 0 | H73: =F73-G73 -> 117
A74: 71 | D74: 43 | E74: 2 | F74: =D74+E74 -> 45 | G74: 0 | H74: =F74-G74 -> 45
A75: 72 | B75: harriet Tembo | C75: PCELC | D75: 2 | E75: 2 | F75: =D75+E75 -> 4 | G75: 0 | H75: =F75-G75 -> 4
A76: 73 | B76: imbuwa Kakanda | C76: PCEL | D76: 70 | E76: 2 | F76: =D76+E76 -> 72 | G76: 0 | H76: =F76-G76 -> 72
A77: 74 | B77: situmbeko mwangala | C77: elc helper | D77: 44 | E77: 2 | F77: =D77+E77 -> 46 | G77: 0 | H77: =F77-G77 -> 46
A78: 75 | B78: Esnart Mwanza | C78: PCELC | D78: 48 | E78: 2 | F78: =D78+E78 -> 50 | G78: 0 | H78: =F78-G78 -> 50
A79: 76 | B79: nakaundi getrude | C79: elc helper | D79: 31 | E79: 2 | F79: =D79+E79 -> 33 | G79: 0 | H79: =F79-G79 -> 33
A80: 77 | B80: njovu samson | C80: driver | D80: 71 | E80: 2 | F80: =D80+E80 -> 73 | G80: 0 | H80: =F80-G80 -> 73
A81: 78 | B81: nicholus nsemiwe | C81: ass accountant | D81: 88 | E81: 2 | F81: =D81+E81 -> 90 | G81: 0 | H81: =F81-G81 -> 90
A82: 79 | B82: chola Sichivula | C82: driver | D82: 202 | E82: 2 | F82: =D82+E82 -> 204 | G82: 0 | H82: =F82-G82 -> 204
A83: 80 | B83: zimba Robert | C83: head Driver | D83: 46 | E83: 2 | F83: =D83+E83 -> 48 | G83: 0 | H83: =F83-G83 -> 48
A84: 81 | B84: kelvin banda | C84: driver | D84: 86 | E84: 2 | F84: =D84+E84 -> 88 | G84: 0 | H84: =F84-G84 -> 88
A85: 82 | B85: Kambani Benson | C85: Driver | D85: 29 | E85: 2 | F85: =D85+E85 -> 31 | G85: 0 | H85: =F85-G85 -> 31
A86: 83 | D86: 54 | E86: 2 | F86: =D86+E86 -> 56 | G86: 0 | H86: =F86-G86 -> 56
A87: 84 | B87: siyanga George | C87: driver | D87: 2 | E87: 2 | F87: =D87+E87 -> 4 | G87: 0 | H87: =F87-G87 -> 4
A88: 85 | B88: malumani malumani | C88: driver | D88: 53 | E88: 2 | F88: =D88+E88 -> 55 | G88: 0 | H88: =F88-G88 -> 55
A89: 86 | B89: chirwa Gibson | C89: driver | D89: 56 | E89: 2 | F89: =D89+E89 -> 58 | G89: 0 | H89: =F89-G89 -> 58
A90: 87 | B90: ignatius nyakawele | C90: driver | D90: 35 | E90: 3 | F90: =D90+E90 -> 38 | G90: 0 | H90: =F90-G90 -> 38
A91: 88 | B91: mwansa bwalya | C91: driver | D91: 87 | E91: 2 | F91: =D91+E91 -> 89 | G91: 0 | H91: =F91-G91 -> 89
A92: 89 | B92: Mary Khoza | C92: general works | D92: 60 | E92: 2 | F92: =D92+E92 -> 62 | G92: 0 | H92: =F92-G92 -> 62
A93: 90 | B93: Mulima Wakumelo | C93: general works | D93: 121 | E93: 2 | F93: =D93+E93 -> 123 | G93: 0 | H93: =F93-G93 -> 123
A94: 91 | B94: kapinda Wakumelo | C94: general works | D94: 221.5 | E94: 2.5 | F94: =D94+E94 -> 224 | G94: 0 | H94: =F94-G94 -> 224
A95: 92 | B95: Mainza Chipepo | C95: Media Officer | D95: 96 | E95: 2 | F95: =D95+E95 -> 98 | G95: 0 | H95: =F95-G95 -> 98
A96: 93 | B96: Chisela M silwamba | C96: HRO | D96: 81 | E96: 2 | F96: =D96+E96 -> 83 | G96: 30 | H96: =F96-G96 -> 53
A97: 94 | B97: Mandona Kangwa | C97: Librarian | D97: 6 | E97: 2 | F97: =D97+E97 -> 8 | G97: 5 | H97: =F97-G97 -> 3
A98: 95 | B98: Katabwa Osward | C98: Secondary | D98: 6 | E98: 2 | F98: =D98+E98 -> 8 | G98: 0 | H98: =F98-G98 -> 8
A99: 96 | B99: mwansa Kalizya | C99: Swimming | D99: 6 | E99: 2 | F99: =D99+E99 -> 8 | G99: 8 | H99: =F99-G99 -> 0
A100: 97 | D100: 5 | E100: 2 | F100: =D100+E100 -> 7 | G100: 7 | H100: =F100-G100 -> 0
A101: 98 | B101: Chakufyali Victor | C101: Primary | D101: 2 | E101: 2 | F101: =D101+E101 -> 4 | G101: 0 | H101: =F101-G101 -> 4
A102: 99 | B102: Memory Phiri | C102: Primary | D102: 7 | E102: 2 | F102: =D102+E102 -> 9 | G102: 8 | H102: =F102-G102 -> 1
A103: 100 | B103: Nkhowani Francis | C103: Security | D103: 6 | E103: 2 | F103: =D103+E103 -> 8 | G103: 8 | H103: =F103-G103 -> 0
A104: 101 | B104: Mwape Chongo | C104: Primary | D104: 4 | E104: 2 | F104: =D104+E104 -> 6 | G104: 0 | H104: =F104-G104 -> 6
A105: 102 | B105: Mwenya Bruce | C105: Security | D105: 0 | E105: 2 | F105: =D105+E105 -> 2 | G105: 13 | H105: =F105-G105 -> -11
A106: 103 | B106: Richard Chilekwa | C106: Security | D106: 4 | E106: 2 | F106: =D106+E106 -> 6 | G106: 0 | H106: =F106-G106 -> 6
A107: 104 | B107: faides Daka | C107: security | D107: 42 | E107: 2 | F107: =D107+E107 -> 44 | G107: 0 | H107: =F107-G107 -> 44
A108: 105 | B108: Gift Kapalayi | C108: Security | D108: 27 | E108: 2 | F108: =D108+E108 -> 29 | G108: 0 | H108: =F108-G108 -> 29
A109: 106 | B109: Levy Ingwe | C109: Security | D109: 41 | E109: 2 | F109: =D109+E109 -> 43 | G109: 0 | H109: =F109-G109 -> 43
A110: 107 | B110: zulu Anderson | C110: Security | D110: 116 | E110: 2 | F110: =D110+E110 -> 118 | G110: 0 | H110: =F110-G110 -> 118
A111: 108 | B111: Sholobela Abigail | C111: Security Officer | D111: 39 | E111: 2 | F111: =D111+E111 -> 41 | G111: 1 | H111: =F111-G111 -> 40
A112: 109 | B112: sley Banda | C112: Driver | D112: 32 | E112: 2 | F112: =D112+E112 -> 34 | G112: 0 | H112: =F112-G112 -> 34
... A126: 123 | B126: Mwape Chongo | C126: Primary | D126: 10 | E126: 2 | F126: =D126+E126 -> 12 | G126: 0 | H126: =F126-G126 -> 12
A127: 124 | D127: 38 | E127: 2 | F127: =D127+E127 -> 40 | G127: 0 | H127: =F127-G127 -> 40
A128: 125 | B128: Richard Chilekwa | C128: Security | D128: 2 | E128: 2 | F128: =D128+E128 -> 4 | G128: 8 | H128: =F128-G128 -> -4
A129: 126 | B129: Robert Lungu | C129: Driver | D129: 61 | E129: 2 | F129: =D129+E129 -> 63 | G129: 0 | H129: =F129-G129 -> 63
A130: 127 | B130: Gift Kapalayi | C130: Security | D130: 4 | E130: 2 | F130: =D130+E130 -> 6 | G130: 0 | H130: =F130-G130 -> 6
A131: 128 | B131: Levy Ingwe | C131: Security | D131: 84 | E131: 2 | F131: =D131+E131 -> 86 | G131: 0 | H131: =F131-G131 -> 86
A132: 130 | B132: Sholobela Abigail | C132: Security Officer | D132: 15 | E132: 2 | F132: =D132+E132 -> 17 | G132: 0 | H132: =F132-G132 -> 17
A133: 131 | B133: Chirwa Lackson | C133: ass. Head Driver | D133: 40 | E133: 2 | F133: =D133+E133 -> 42 | G133: 0 | H133: =F133-G133 -> 42
A134: 132 | B134: Charity Chisala | C134: General Works Helper | D134: 20 | E134: 2 | F134: =D134+E134 -> 22 | G134: 0 | H134: =F134-G134 -> 22
A135: 133 | B135: chama Mathews | C135: general Works | D135: 24 | E135: 2 | F135: =D135+E135 -> 26 | G135: 0 | H135: =F135-G135 -> 26
A136: 134 | B136: Rabbeca Chiwala | C136: general Works | D136: 115 | E136: 2 | F136: =D136+E136 -> 117 | G136: 0 | H136: =F136-G136 -> 117
...

Sheet May-25
C1: CHUDLEIGH HOUSE SCHOOL STAFF LEAVE DAYS
B4: NAME | C4: POSITION | D4: NET | E4: DAYS EARNED | F4: TOTAL | G4: DAYS TAKEN | H4: NET
A5: 1 | B5: ABBY PHIRI | C5: Financial Controller | D5: 30 | E5: 2 | F5: =D5+E5 -> 32 | H5: =F5-G5 -> 32
A6: 2 | B6: Margaret Mukondwa | C6: Executive Assistant | D6: 139 | E6: 2 | F6: =D6+E6 -> 141 | H6: =F6-G6 -> 141
A7: 3 | B7: mizzie Mutambo | C7: ass. Accountant | D7: 44 | E7: 2 | F7: =D7+E7 -> 46 | H7: =F7-G7 -> 46
A8: 4 | B8: Tembo Bertha | C8: teacher Primary | D8: 0 | E8: 2 | F8: =D8+E8 -> 2 | H8: =F8-G8 -> 2
A9: 5 | B9: Kamanugu Mriiam | C9: Teacher Primary | D9: 0 | E9: 2 | F9: =D9+E9 -> 2 | H9: =F9-G9 -> 2
A10: 6 | B10: Chisenga Gillian Mwambela | C10: teacher Primary | D10: 0 | E10: 2 | F10: =D10+E10 -> 2 | H10: =F10-G10 -> 2
A11: 7 | B11: Nambela Mercy | C11: teacher Primary | D11: 0 | E11: 2 | F11: =D11+E11 -> 2 | H11: =F11-G11 -> 2
A12: 8 | D12: -4 | E12: 2 | F12: =D12+E12 -> -2 | H12: =F12-G12 -> -2
A13: 9 | B13: Zimba Francisca | C13: teacher Primary | D13: 0 | E13: 2 | F13: =D13+E13 -> 2 | H13: =F13-G13 -> 2
A14: 10 | B14: Ireen Nachinga | C14: teacher Primary | D14: 0 | E14: 2 | F14: =D14+E14 -> 2 | H14: =F14-G14 -> 2
A15: 11 | B15: Munyati Senitor | C15: PCELC - Teacher | D15: 0 | E15: 2 | F15: =D15+E15 -> 2 | H15: =F15-G15 -> 2
A16: 12 | B16: Banda Mary | C16: PCELC- Teacher | D16: 8 | E16: 2 | F16: =D16+E16 -> 10 | H16: =F16-G16 -> 10
A17: 13 | B17: Mwanida Jere | C17: PCELC- Teacher | D17: 0 | E17: 2 | F17: =D17+E17 -> 2 | H17: =F17-G17 -> 2
A18: 14 | B18: George Kakoma | C18: Cashier | D18: 23 | E18: 2 | F18: =D18+E18 -> 25 | H18: =F18-G18 -> 25
A19: 15 | B19: Masebo Hudson | C19: School Bursar | D19: 99 | E19: 2 | F19: =D19+E19 -> 101 | H19: =F19-G19 -> 101
A20: 16 | B20: Nancy nanyangwe | C20: Cashier | D20: 73 | E20: 2 | F20: =D20+E20 -> 75 | H20: =F20-G20 -> 75
A21: 17 | B21: samuel Chinyama | C21: Teacher | D21: 2 | E21: 2 | F21: =D21+E21 -> 4 | H21: =F21-G21 -> 4
A22: 18 | B22: besa Godfrey | C22: Senior Techer | D22: 1 | E22: 2 | F22: =D22+E22 -> 3 | H22: =F22-G22 -> 3
A23: 19 | B23: Mario Kambani | C23: General Works | D23: 19 | E23: 2 | F23: =D23+E23 -> 21 | H23: =F23-G23 -> 21
A24: 20 | D24: 2 | E24: 2 | F24: =D24+E24 -> 4 | H24: =F24-G24 -> 4
A25: 21 | B25: Timothy Phiri | C25: General Works | D25: 24 | E25: 2 | F25: =D25+E25 -> 26 | H25: =F25-G25 -> 26
A26: 22 | B26: Winnie Sishwani | C26: Teacher Secondary | D26: 3 | E26: 2 | F26: =D26+E26 -> 5 | H26: =F26-G26 -> 5
A27: 23 | B27: Valentine Zulu | C27: Teacher Secondary | D27: 0 | E27: 2 | F27: =D27+E27 -> 2 | H27: =F27-G27 -> 2
A28: 24 | B28: Tembo Diana | C28: lib Assitant | D28: 16 | E28: 2 | F28: =D28+E28 -> 18 | H28: =F28-G28 -> 18
A29: 25 | D29: 4 | E29: 2 | F29: =D29+E29 -> 6 | H29: =F29-G29 -> 6
A30: 26 | B30: Anderson Ngulube | C30: Secondary | D30: 0 | E30: 2 | F30: =D30+E30 -> 2 | H30: =F30-G30 -> 2
A31: 27 | D31: 4 | E31: 2 | F31: =D31+E31 -> 6 | H31: =F31-G31 -> 6
A32: 28 | B32: kalongana Nyambe | C32: security | D32: 92 | E32: 2 | F32: =D32+E32 -> 94 | H32: =F32-G32 -> 94
A33: 29 | B33: Namakala Mackenzie | C33: Primary Head | D33: 20 | E33: 2 | F33: =D33+E33 -> 22 | H33: =F33-G33 -> 22
A34: 30 | B34: Mashewa Alice | C34: Primary | D34: 0 | E34: 2 | F34: =D34+E34 -> 2 | H34: =F34-G34 -> 2
A35: 31 | B35: Rose Daka | C35: PCELC | D35: 0 | E35: 2 | F35: =D35+E35 -> 2 | H35: =F35-G35 -> 2
A36: 32 | B36: priscilla Muluso | C36: primary | D36: 0 | E36: 2 | F36: =D36+E36 -> 2 | H36: =F36-G36 -> 2
A37: 33 | B37: Banda Esther | C37: prmary | D37: 0 | E37: 2 | F37: =D37+E37 -> 2 | H37: =F37-G37 -> 2
A38: 34 | B38: beatrice Kasuka | C38: General works | D38: 52 | E38: 2 | F38: =D38+E38 -> 54 | H38: =F38-G38 -> 54
A39: 35 | B39: gwaba Mweemba | C39: Head Secondary | D39: 38 | E39: 2 | F39: =D39+E39 -> 40 | H39: =F39-G39 -> 40
A40: 36 | B40: caleb Simuchimba | C40: Secondary | D40: 0 | E40: 2 | F40: =D40+E40 -> 2 | H40: =F40-G40 -> 2
A41: 37 | B41: Kabemba Kim Kabemba | C41: Primary | D41: 0 | E41: 2 | F41: =D41+E41 -> 2 | H41: =F41-G41 -> 2
A42: 38 | B42: mtonga camila | C42: Primary | D42: 0 | E42: 2 | F42: =D42+E42 -> 2 | H42: =F42-G42 -> 2
A43: 39 | B43: Kasaro Flatter | C43: Primary - senior | D43: 8 | E43: 2 | F43: =D43+E43 -> 10 | H43: =F43-G43 -> 10
... A74: 70 | B74: Lungu Stella | C74: General Works | D74: 45 | E74: 2 | F74: =D74+E74 -> 47 | H74: =F74-G74 -> 47
A75: 71 | D75: 4 | E75: 2 | F75: =D75+E75 -> 6 | H75: =F75-G75 -> 6
A76: 72 | B76: harriet Tembo | C76: PCELC | D76: 72 | E76: 2 | F76: =D76+E76 -> 74 | H76: =F76-G76 -> 74
A77: 73 | B77: imbuwa Kakanda | C77: PCEL | D77: 46 | E77: 2 | F77: =D77+E77 -> 48 | H77: =F77-G77 -> 48
A78: 74 | B78: situmbeko mwangala | C78: elc helper | D78: 50 | E78: 2 | F78: =D78+E78 -> 52 | H78: =F78-G78 -> 52
A79: 75 | B79: Esnart Mwanza | C79: PCELC | D79: 33 | E79: 2 | F79: =D79+E79 -> 35 | H79: =F79-G79 -> 35
A80: 76 | B80: nakaundi getrude | C80: elc helper | D80: 73 | E80: 2 | F80: =D80+E80 -> 75 | H80: =F80-G80 -> 75
A81: 77 | B81: njovu samson | C81: driver | D81: 90 | E81: 2 | F81: =D81+E81 -> 92 | H81: =F81-G81 -> 92
A82: 78 | B82: nicholus nsemiwe | C82: ass accountant | D82: 204 | E82: 2 | F82: =D82+E82 -> 206 | H82: =F82-G82 -> 206
A83: 79 | B83: chola Sichivula | C83: driver | D83: 48 | E83: 2 | F83: =D83+E83 -> 50 | H83: =F83-G83 -> 50
A84: 80 | B84: zimba Robert | C84: head Driver | D84: 88 | E84: 2 | F84: =D84+E84 -> 90 | H84: =F84-G84 -> 90
A85: 81 | B85: kelvin banda | C85: driver | D85: 31 | E85: 2 | F85: =D85+E85 -> 33 | H85: =F85-G85 -> 33
A86: 82 | B86: Kambani Benson | C86: Driver | D86: 56 | E86: 2 | F86: =D86+E86 -> 58 | H86: =F86-G86 -> 58
A87: 83 | D87: 4 | E87: 2 | F87: =D87+E87 -> 6 | H87: =F87-G87 -> 6
A88: 84 | B88: siyanga George | C88: driver | D88: 55 | E88: 2 | F88: =D88+E88 -> 57 | H88: =F88-G88 -> 57
A89: 85 | B89: malumani malumani | C89: driver | D89: 58 | E89: 2 | F89: =D89+E89 -> 60 | H89: =F89-G89 -> 60
A90: 86 | B90: chirwa Gibson | C90: driver | D90: 38 | E90: 2 | F90: =D90+E90 -> 40 | H90: =F90-G90 -> 40
A91: 87 | B91: ignatius nyakawele | C91: driver | D91: 89 | E91: 2 | F91: =D91+E91 -> 91 | H91: =F91-G91 -> 91
A92: 88 | B92: mwansa bwalya | C92: driver | D92: 62 | E92: 2 | F92: =D92+E92 -> 64 | H92: =F92-G92 -> 64
A93: 89 | B93: Mary Khoza | C93: general works | D93: 123 | E93: 2 | F93: =D93+E93 -> 125 | H93: =F93-G93 -> 125
A94: 90 | B94: Mulima Wakumelo | C94: general works | D94: 224 | E94: 2.5 | F94: =D94+E94 -> 226.5 | H94: =F94-G94 -> 226.5
A95: 91 | B95: kapinda Wakumelo | C95: general works | D95: 98 | E95: 2 | F95: =D95+E95 -> 100 | H95: =F95-G95 -> 100
A96: 92 | B96: Mainza Chipepo | C96: Media Officer | D96: 53 | E96: 2 | F96: =D96+E96 -> 55 | H96: =F96-G96 -> 55
A97: 93 | B97: Chisela M silwamba | C97: HRO | D97: 88 | E97: 2 | F97: =D97+E97 -> 90 | H97: =F97-G97 -> 90
A98: 94 | B98: Mandona Kangwa | C98: Librarian | D98: 3 | E98: 2 | F98: =D98+E98 -> 5 | H98: =F98-G98 -> 5
A99: 95 | B99: Katabwa Osward | C99: Secondary | D99: 0 | E99: 2 | F99: =D99+E99 -> 2 | H99: =F99-G99 -> 2
A100: 96 | B100: mwansa Kalizya | C100: Swimming | D100: 0 | E100: 2 | F100: =D100+E100 -> 2 | H100: =F100-G100 -> 2
A101: 97 | D101: 4 | E101: 2 | F101: =D101+E101 -> 6 | H101: =F101-G101 -> 6
A102: 98 | B102: Chakufyali Victor | C102: Primary | D102: 1 | E102: 2 | F102: =D102+E102 -> 3 | H102: =F102-G102 -> 3
A103: 99 | B103: Memory Phiri | C103: Primary | D103: 0 | E103: 2 | F103: =D103+E103 -> 2 | H103: =F103-G103 -> 2
A104: 100 | B104: Nkhowani Francis | C104: Security | D104: 6 | E104: 2 | F104: =D104+E104 -> 8 | H104: =F104-G104 -> 8
A105: 101 | B105: Mwape Chongo | C105: Primary | D105: -11 | E105: 2 | F105: =D105+E105 -> -9 | H105: =F105-G105 -> -9
A106: 102 | B106: Mwenya Bruce | C106: Security | D106: 6 | E106: 2 | F106: =D106+E106 -> 8 | H106: =F106-G106 -> 8
A107: 103 | B107: Richard Chilekwa | C107: Security | D107: 44 | E107: 2 | F107: =D107+E107 -> 46 | H107: =F107-G107 -> 46
A108: 104 | B108: faides Daka | C108: security | D108: 29 | E108: 2 | F108: =D108+E108 -> 31 | H108: =F108-G108 -> 31
A109: 105 | B109: Gift Kapalayi | C109: Security | D109: 43 | E109: 2 | F109: =D109+E109 -> 45 | H109: =F109-G109 -> 45
A110: 106 | B110: Levy Ingwe | C110: Security | D110: 118 | E110: 2 | F110: =D110+E110 -> 120 | H110: =F110-G110 -> 120
A111: 107 | B111: zulu Anderson | C111: Security | D111: 40 | E111: 2 | F111: =D111+E111 -> 42 | H111: =F111-G111 -> 42
A112: 108 | B112: Sholobela Abigail | C112: Security Officer | D112: 34 | E112: 2 | F112: =D112+E112 -> 36 | H112: =F112-G112 -> 36
A113: 109 | B113: sley Banda | C113: Driver | D113: 10 | E113: 2 | F113: =D113+E113 -> 12 | H113: =F113-G113 -> 12
... A125: 121 | B125: Memory Phiri | C125: Primary | D125: 17 | E125: 2 | F125: =D125+E125 -> 19 | H125: =F125-G125 -> 19
A126: 122 | B126: Mumba Limpo | C126: Primary | D126: 12 | E126: 2 | F126: 0 | H126: =F126-G126 -> 0
A127: 123 | B127: Mwape Chongo | C127: Primary | D127: 40 | E127: 2 | H127: =F127-G127 -> 0
A128: 124 | D128: -4 | E128: 2 | F128: =D128+E128 -> -2 | H128: =F128-G128 -> -2
A129: 125 | B129: Richard Chilekwa | C129: Security | D129: 63 | E129: 0 | F129: =D129+E129 -> 63 | H129: =F129-G129 -> 63
A130: 126 | B130: Robert Lungu | C130: Driver | D130: 6 | E130: 2 | F130: =D130+E130 -> 8 | H130: =F130-G130 -> 8
A131: 127 | B131: Gift Kapalayi | C131: Security | D131: 86 | E131: 2 | F131: =D131+E131 -> 88 | H131: =F131-G131 -> 88
A132: 128 | B132: Levy Ingwe | C132: Security | D132: 17 | E132: 2 | F132: =D132+E132 -> 19 | H132: =F132-G132 -> 19
A133: 129 | B133: Sholobela Abigail | C133: Security Officer | D133: 42 | E133: 2 | F133: =D133+E133 -> 44 | H133: =F133-G133 -> 44
A134: 130 | B134: Chirwa Lackson | C134: ass. Head Driver | D134: 22 | E134: 2 | F134: =D134+E134 -> 24 | H134: =F134-G134 -> 24
A135: 131 | B135: Charity Chisala | C135: General Works Helper | D135: 26 | E135: 2 | F135: =D135+E135 -> 28 | H135: =F135-G135 -> 28
A136: 132 | B136: chama Mathews | C136: general Works | D136: 117 | E136: 2 | F136: =D136+E136 -> 119 | H136: =F136-G136 -> 119
A137: 133 | B137: Rabbeca Chiwala | C137: general Works | D137: 30 | E137: 2 | F137: =D137+E137 -> 32 | H137: =F137-G137 -> 32
A138: 134 | B138: Chongo Lillian | C138: General Works | D138: 53 | E138: 2 | F138: =D138+E138 -> 55 | H138: =F138-G138 -> 55
A139: 135 | B139: felix Mukuni | C139: Security | D139: 4 | E139: 2 | F139: =D139+E139 -> 6 | H139: =F139-G139 -> 6
A140: 136 | B140: Bwalya Mwansa | C140: Transport | D140: 4 | E140: 2 | F140: =D140+E140 -> 6 | H140: =F140-G140 -> 6
A141: 137 | D141: 14 | E141: 2 | F141: =D141+E141 -> 16 | H141: =F141-G141 -> 16
A142: 138 | B142: Nkanta Andrew | C142: ICT Techer | D142: -13 | E142: 2 | F142: =D142+E142 -> -11 | H142: =F142-G142 -> -11
A143: 139 | B143: WillFord Samwimwi | C143: General Worker | D143: 6 | E143: 2 | F143: =D143+E143 -> 8 | H143: =F143-G143 -> 8
...

Sheet Jun-25
C2: CHUDLEIGH HOUSE SCHOOL STAFF LEAVE DAYS
C3: FOR THE MONTH OF FEBRUARY 2022
B4: NAME | C4: POSITION | D4: OPENING | E4: DAYS EARNED | F4: TOTAL | G4: DAYS TAKEN | H4: NET
A5: 1 | B5: ABBY PHIRI | C5: Financial Controller | D5: 32 | E5: 2 | F5: =D5+E5 -> 34 | G5: 3 | H5: =F5-G5 -> 31
A6: 2 | B6: Margaret Mukondwa | C6: Executive Assistant | D6: 141 | E6: 2 | F6: =D6+E6 -> 143 | G6: 11 | H6: =F6-G6 -> 132
A7: 3 | B7: mizzie Mutambo | C7: ass. Accountant | D7: 46 | E7: 2 | F7: =D7+E7 -> 48 | H7: =F7-G7 -> 48
A8: 4 | B8: Tembo Bertha | C8: teacher Primary | D8: 2 | E8: 2 | F8: =D8+E8 -> 4 | G8: 1 | H8: =F8-G8 -> 3
A9: 5 | B9: Kamanugu Mriiam | C9: Teacher Primary | D9: 2 | E9: 2 | F9: =D9+E9 -> 4 | H9: =F9-G9 -> 4
A10: 6 | B10: Chisenga Gillian Mwambela | C10: teacher Primary | D10: 2 | E10: 2 | F10: =D10+E10 -> 4 | H10: =F10-G10 -> 4
A11: 7 | B11: Nambela Mercy | C11: teacher Primary | D11: 2 | E11: 2 | F11: =D11+E11 -> 4 | H11: =F11-G11 -> 4
A12: 8 | B12: Nakache Chewe | C12: Teacher Primary | D12: 2 | E12: 2 | F12: =D12+E12 -> 4 | H12: =F12-G12 -> 4
A13: 9 | B13: Zimba Francisca | C13: teacher Primary | D13: 2 | E13: 2 | F13: =D13+E13 -> 4 | H13: =F13-G13 -> 4
A14: 10 | B14: Ireen Nachinga | C14: teacher Primary | D14: 2 | E14: 2 | F14: =D14+E14 -> 4 | H14: =F14-G14 -> 4
A15: 11 | B15: Munyati Senitor | C15: PCELC - Teacher | D15: 2 | E15: 2 | F15: =D15+E15 -> 4 | G15: 1 | H15: =F15-G15 -> 3
A16: 12 | B16: Banda Mary | C16: PCELC- Teacher | D16: 10 | E16: 2 | F16: =D16+E16 -> 12 | H16: =F16-G16 -> 12
A17: 13 | B17: Mwanida Jere | C17: PCELC- Teacher | D17: 2 | E17: 2 | F17: =D17+E17 -> 4 | H17: =F17-G17 -> 4
A18: 14 | B18: George Kakoma | C18: Cashier | D18: 25 | E18: 2 | F18: =D18+E18 -> 27 | H18: =F18-G18 -> 27
A19: 15 | B19: Masebo Hudson | C19: School Bursar | D19: 101 | E19: 2 | F19: =D19+E19 -> 103 | H19: =F19-G19 -> 103
A20: 16 | B20: Nancy nanyangwe | C20: Cashier | D20: 75 | E20: 2 | F20: =D20+E20 -> 77 | H20: =F20-G20 -> 77
A21: 17 | B21: samuel Chinyama | C21: Teacher | D21: 4 | E21: 2 | F21: =D21+E21 -> 6 | H21: =F21-G21 -> 6
A22: 18 | B22: besa Godfrey | C22: Senior Techer | D22: 3 | E22: 2 | F22: =D22+E22 -> 5 | H22: =F22-G22 -> 5
A23: 19 | B23: Mario Kambani | C23: General Works | D23: 21 | E23: 2 | F23: =D23+E23 -> 23 | H23: =F23-G23 -> 23
A24: 20 | B24: Chanda Chileshe | C24: Primary Teacher | D24: 4 | E24: 2 | F24: =D24+E24 -> 6 | H24: =F24-G24 -> 6
A25: 21 | B25: Timothy Phiri | C25: General Works | D25: 26 | E25: 2 | F25: =D25+E25 -> 28 | H25: =F25-G25 -> 28
A26: 22 | B26: Winnie Sishwani | C26: Teacher Secondary | D26: 5 | E26: 2 | F26: =D26+E26 -> 7 | H26: =F26-G26 -> 7
A27: 23 | B27: Valentine Zulu | C27: Teacher Secondary | D27: 2 | E27: 2 | F27: =D27+E27 -> 4 | H27: =F27-G27 -> 4
A28: 24 | B28: Tembo Diana | C28: lib Assitant | D28: 18 | E28: 2 | F28: =D28+E28 -> 20 | H28: =F28-G28 -> 20
A29: 25 | D29: 6 | E29: 2 | F29: =D29+E29 -> 8 | H29: =F29-G29 -> 8
A30: 26 | B30: Anderson Ngulube | C30: Secondary | D30: 2 | E30: 2 | F30: =D30+E30 -> 4 | H30: =F30-G30 -> 4
A31: 27 | D31: 6 | E31: 2 | F31: =D31+E31 -> 8 | H31: =F31-G31 -> 8
A32: 28 | B32: kalongana Nyambe | C32: security | D32: 94 | E32: 2 | F32: =D32+E32 -> 96 | G32: 1 | H32: =F32-G32 -> 95
A33: 29 | B33: Namakala Mackenzie | C33: Primary Head | D33: 22 | E33: 2 | F33: =D33+E33 -> 24 | H33: =F33-G33 -> 24
A34: 30 | B34: Mashewa Alice | C34: Primary | D34: 2 | E34: 2 | F34: =D34+E34 -> 4 | H34: =F34-G34 -> 4
A35: 31 | B35: Rose Daka | C35: PCELC | D35: 2 | E35: 2 | F35: =D35+E35 -> 4 | H35: =F35-G35 -> 4
A36: 32 | B36: priscilla Muluso | C36: primary | D36: 2 | E36: 2 | F36: =D36+E36 -> 4 | H36: =F36-G36 -> 4
A37: 33 | B37: Banda Esther | C37: prmary | D37: 2 | E37: 2 | F37: =D37+E37 -> 4 | G37: 14 | H37: =F37-G37 -> -10
A38: 34 | B38: beatrice Kasuka | C38: General works | D38: 54 | E38: 2 | F38: =D38+E38 -> 56 | H38: =F38-G38 -> 56
A39: 35 | B39: gwaba Mweemba | C39: Head Secondary | D39: 40 | E39: 2 | F39: =D39+E39 -> 42 | H39: =F39-G39 -> 42
A40: 36 | B40: caleb Simuchimba | C40: Secondary | D40: 2 | E40: 2 | F40: =D40+E40 -> 4 | H40: =F40-G40 -> 4
A41: 37 | B41: Kabemba Kim Kabemba | C41: Primary | D41: 2 | E41: 2 | F41: =D41+E41 -> 4 | G41: 4 | H41: =F41-G41 -> 0
A42: 38 | B42: mtonga camila | C42: Primary | D42: 2 | E42: 2 | F42: =D42+E42 -> 4 | H42: =F42-G42 -> 4
A43: 39 | B43: Kasaro Flatter | C43: Primary - senior | D43: 4 | E43: 2 | F43: =D43+E43 -> 6 | G43: 1 | H43: =F43-G43 -> 5
A44: 40 | B44: Jere Davison | C44: Primary | D44: -2 | E44: 2 | F44: =D44+E44 -> 0 | H44: =F44-G44 -> 0
A45: 41 | B45: Hellen Botha | C45: PCELC | D45: 0 | E45: 2 | F45: =D45+E45 -> 2 | H45: =F45-G45 -> 2
A46: 42 | B46: Khondowe Laureen | C46: Primary | D46: 2 | E46: 2 | F46: =D46+E46 -> 4 | H46: =F46-G46 -> 4
A47: 43 | B47: mvula Sayenera | C47: Secondary | D47: 2 | E47: 2 | F47: =D47+E47 -> 4 | H47: =F47-G47 -> 4
A48: 44 | B48: Faith Hanunga | C48: Secretary | D48: 11 | E48: 2 | F48: =D48+E48 -> 13 | H48: =F48-G48 -> 13
A49: 45 | B49: Chinuuka Gloria | C49: Secretary | D49: 96 | E49: 2 | F49: =D49+E49 -> 98 | H49: =F49-G49 -> 98
A50: 46 | B50: Zulu Golden | C50: property Manager | D50: 47 | E50: 2 | F50: =D50+E50 -> 49 | G50: 2 | H50: =F50-G50 -> 47
A51: 47 | B51: Alexander Muteba | C51: Security officer | D51: 85 | E51: 2 | F51: =D51+E51 -> 87 | G51: 10 | H51: =F51-G51 -> 77
A52: 48 | B52: Hellen Mbewe | C52: Head PCELC | D52: 125 | E52: 2 | F52: =D52+E52 -> 127 | H52: =F52-G52 -> 127
A53: 49 | B53: Bertha Shantotola | C53: Teacher PCELC | D53: 2 | E53: 2 | F53: =D53+E53 -> 4 | H53: =F53-G53 -> 4
A54: 50 | B54: Priscilla Lutele | C54: Teacher PCELC | D54: 0 | E54: 2 | F54: =D54+E54 -> 2 | H54: =F54-G54 -> 2
A55: 51 | B55: Bwalya Mwaba | C55: Teacher PCELc | D55: 4 | E55: 2 | F55: =D55+E55 -> 6 | H55: =F55-G55 -> 6
A56: 52 | B56: Tracy Chuulu | C56: teacher PCELC | D56: 5 | E56: 2 | F56: =D56+E56 -> 7 | H56: =F56-G56 -> 7
A57: 53 | B57: Barbra Bwalya | C57: Teacher PCELC | D57: 2 | E57: 2 | F57: =D57+E57 -> 4 | H57: =F57-G57 -> 4
A58: 54 | B58: Dorcus Mwinina | C58: ELC Helper | D58: 84 | E58: 2 | F58: =D58+E58 -> 86 | H58: =F58-G58 -> 86
A59: 55 | B59: Ruth Zinduna | C59: General Works | D59: 43 | E59: 2 | F59: =D59+E59 -> 45 | G59: 3 | H59: =F59-G59 -> 42
A60: 56 | B60: Moyo Tendai | C60: General Works | D60: 63 | E60: 2 | F60: =D60+E60 -> 65 | H60: =F60-G60 -> 65
A61: 57 | B61: Nyedwa Eneless | C61: general Works | D61: 36 | E61: 2 | F61: =D61+E61 -> 38 | G61: 7 | H61: =F61-G61 -> 31
A62: 58 | B62: Alex Mulenga | C62: General works | D62: 122 | E62: 2 | F62: =D62+E62 -> 124 | H62: =F62-G62 -> 124
A63: 59 | B63: Lyson Mbelenji | C63: general works | D63: 151 | E63: 2 | F63: =D63+E63 -> 153 | G63: 2 | H63: =F63-G63 -> 151
A64: 60 | B64: amon Kaluba | C64: general works | D64: 51 | E64: 2 | F64: =D64+E64 -> 53 | H64: =F64-G64 -> 53
A65: 61 | B65: Lingson Zulu | C65: General works | D65: 50 | E65: 2 | F65: =D65+E65 -> 52 | G65: 10 | H65: =F65-G65 -> 42
A66: 62 | B66: sakala Christine | C66: general works | D66: 93 | E66: 2 | F66: =D66+E66 -> 95 | H66: =F66-G66 -> 95
A67: 63 | B67: David Banda | C67: General works | D67: 52 | E67: 2 | F67: =D67+E67 -> 54 | H67: =F67-G67 -> 54
A68: 64 | B68: mtonga James | C68: General Works | D68: 54 | E68: 2 | F68: =D68+E68 -> 56 | H68: =F68-G68 -> 56
A69: 65 | B69: Raymond Zulu | C69: General works | D69: 74 | E69: 2 | F69: =D69+E69 -> 76 | H69: =F69-G69 -> 76
A70: 66 | B70: Christopher Sakala | C70: General works | D70: 43 | E70: 2 | F70: =D70+E70 -> 45 | H70: =F70-G70 -> 45
A71: 67 | B71: Moyo Hastings | C71: general Works | D71: 81 | E71: 2 | F71: =D71+E71 -> 83 | H71: =F71-G71 -> 83
A72: 68 | B72: Mwikisa Lubosi | C72: General Works | D72: 88 | E72: 2 | F72: =D72+E72 -> 90 | H72: =F72-G72 -> 90
A73: 69 | B73: martin Kampamba | C73: General Works | D73: 119 | E73: 2 | F73: =D73+E73 -> 121 | G73: 4 | H73: =F73-G73 -> 117
A74: 70 | B74: Lungu Stella | C74: General Works | D74: 47 | E74: 2 | F74: =D74+E74 -> 49 | H74: =F74-G74 -> 49
A75: 71 | D75: 6 | E75: 2 | F75: =D75+E75 -> 8 | G75: 10 | H75: =F75-G75 -> -2
A76: 72 | B76: harriet Tembo | C76: PCELC | D76: 74 | E76: 2 | F76: =D76+E76 -> 76 | G76: 8 | H76: =F76-G76 -> 68
A77: 73 | B77: imbuwa Kakanda | C77: PCEL | D77: 48 | E77: 2 | F77: =D77+E77 -> 50 | H77: =F77-G77 -> 50
A78: 74 | B78: situmbeko mwangala | C78: elc helper | D78: 52 | E78: 2 | F78: =D78+E78 -> 54 | H78: =F78-G78 -> 54
A79: 75 | B79: Esnart Mwanza | C79: PCELC | D79: 35 | E79: 2 | F79: =D79+E79 -> 37 | G79: 1 | H79: =F79-G79 -> 36
A80: 76 | B80: nakaundi getrude | C80: elc helper | D80: 75 | E80: 2 | F80: =D80+E80 -> 77 | H80: =F80-G80 -> 77
A81: 77 | B81: njovu samson | C81: driver | D81: 92 | E81: 2 | F81: =D81+E81 -> 94 | G81: 2 | H81: =F81-G81 -> 92
A82: 78 | B82: nicholus nsemiwe | C82: ass accountant | D82: 206 | E82: 2 | F82: =D82+E82 -> 208 | H82: =F82-G82 -> 208
A83: 79 | B83: chola Sichivula | C83: driver | D83: 50 | E83: 2 | F83: =D83+E83 -> 52 | H83: =F83-G83 -> 52
A84: 80 | B84: zimba Robert | C84: head Driver | D84: 90 | E84: 2 | F84: =D84+E84 -> 92 | H84: =F84-G84 -> 92
A85: 81 | B85: kelvin banda | C85: driver | D85: 33 | E85: 2 | F85: =D85+E85 -> 35 | H85: =F85-G85 -> 35
A86: 82 | B86: Kambani Benson | C86: Driver | D86: 58 | E86: 2 | F86: =D86+E86 -> 60 | H86: =F86-G86 -> 60
A87: 83 | D87: 6 | E87: 2 | F87: =D87+E87 -> 8 | H87: =F87-G87 -> 8
A88: 84 | B88: siyanga George | C88: driver | D88: 57 | E88: 2 | F88: =D88+E88 -> 59 | H88: =F88-G88 -> 59
A89: 85 | B89: malumani malumani | C89: driver | D89: 60 | E89: 2 | F89: =D89+E89 -> 62 | H89: =F89-G89 -> 62
A90: 86 | B90: chirwa Gibson | C90: driver | D90: 40 | E90: 2 | F90: =D90+E90 -> 42 | H90: =F90-G90 -> 42
A91: 87 | B91: ignatius nyakawele | C91: driver | D91: 91 | E91: 2 | F91: =D91+E91 -> 93 | H91: =F91-G91 -> 93
A92: 88 | B92: mwansa bwalya | C92: driver | D92: 64 | E92: 2 | F92: =D92+E92 -> 66 | H92: =F92-G92 -> 66
A93: 89 | B93: Mary Khoza | C93: general works | D93: 125 | E93: 2 | F93: =D93+E93 -> 127 | H93: =F93-G93 -> 127
A94: 90 | B94: Mulima Wakumelo | C94: general works | D94: 226.5 | E94: 2 | F94: =D94+E94 -> 228.5 | H94: =F94-G94 -> 228.5
A95: 91 | B95: kapinda Wakumelo | C95: general works | D95: 100 | E95: 2 | F95: =D95+E95 -> 102 | G95: 14 | H95: =F95-G95 -> 88
A96: 92 | B96: Mainza Chipepo | C96: Media Officer | D96: 55 | E96: 2 | F96: =D96+E96 -> 57 | H96: =F96-G96 -> 57
A97: 93 | B97: Chisela M silwamba | C97: HRO | D97: 90 | E97: 2 | F97: =D97+E97 -> 92 | H97: =F97-G97 -> 92
A98: 94 | B98: Mandona Kangwa | C98: Librarian | D98: 5 | E98: 2 | F98: =D98+E98 -> 7 | H98: =F98-G98 -> 7
A99: 95 | B99: Katabwa Osward | C99: Secondary | D99: 2 | E99: 2 | F99: =D99+E99 -> 4 | H99: =F99-G99 -> 4
A100: 96 | B100: mwansa Kalizya | C100: Swimming | D100: 2 | E100: 2 | F100: =D100+E100 -> 4 | H100: =F100-G100 -> 4
A101: 97 | D101: 6 | E101: 2 | F101: =D101+E101 -> 8 | H101: =F101-G101 -> 8
...

Sheet Jul-25
C2: CHUDLEIGH HOUSE SCHOOL STAFF LEAVE DAYS
C3: FOR THE MONTH OF FEBRUARY 2022
B4: NAME | C4: POSITION | D4: OPENING | E4: DAYS EARNED | F4: TOTAL | G4: DAYS TAKEN | H4: NET
A5: 1 | B5: ABBY PHIRI | C5: Financial Controller | D5: 31 | E5: 2 | F5: =D5+E5 -> 33 | H5: =F5-G5 -> 33
A6: 2 | B6: Margaret Mukondwa | C6: Executive Assistant | D6: 132 | E6: 2 | F6: =D6+E6 -> 134 | H6: =F6-G6 -> 134
A7: 3 | B7: mizzie Mutambo | C7: ass. Accountant | D7: 48 | E7: 2 | F7: =D7+E7 -> 50 | H7: =F7-G7 -> 50
A8: 4 | B8: Tembo Bertha | C8: teacher Primary | D8: 3 | E8: 2 | F8: =D8+E8 -> 5 | H8: =F8-G8 -> 5
A9: 5 | B9: Kamanugu Mriiam | C9: Teacher Primary | D9: 4 | E9: 2 | F9: =D9+E9 -> 6 | H9: =F9-G9 -> 6
A10: 6 | B10: Chisenga Gillian Mwambela | C10: teacher Primary | D10: 4 | E10: 2 | F10: =D10+E10 -> 6 | H10: =F10-G10 -> 6
A11: 7 | B11: Nambela Mercy | C11: teacher Primary | D11: 4 | E11: 2 | F11: =D11+E11 -> 6 | H11: =F11-G11 -> 6
A12: 8 | B12: Nakache Chewe | C12: Teacher Primary | D12: 4 | E12: 2 | F12: =D12+E12 -> 6 | H12: =F12-G12 -> 6
A13: 9 | B13: Zimba Francisca | C13: teacher Primary | D13: 4 | E13: 2 | F13: =D13+E13 -> 6 | H13: =F13-G13 -> 6
A14: 10 | B14: Ireen Nachinga | C14: teacher Primary | D14: 4 | E14: 2 | F14: =D14+E14 -> 6 | H14: =F14-G14 -> 6
A15: 11 | B15: Munyati Senitor | C15: PCELC - Teacher | D15: 3 | E15: 2 | F15: =D15+E15 -> 5 | H15: =F15-G15 -> 5
A16: 12 | B16: Banda Mary | C16: PCELC- Teacher | D16: 12 | E16: 2 | F16: =D16+E16 -> 14 | H16: =F16-G16 -> 14
... A28: 24 | B28: Tembo Diana | C28: lib Assitant | D28: 20 | E28: 2 | F28: =D28+E28 -> 22 | H28: =F28-G28 -> 22
A29: 25 | D29: 8 | E29: 2 | F29: =D29+E29 -> 10 | H29: =F29-G29 -> 10
A30: 26 | B30: Anderson Ngulube | C30: Secondary | D30: 4 | E30: 2 | F30: =D30+E30 -> 6 | H30: =F30-G30 -> 6
A31: 27 | D31: 8 | E31: 2 | F31: =D31+E31 -> 10 | H31: =F31-G31 -> 10
A32: 28 | B32: kalongana Nyambe | C32: security | D32: 95 | E32: 2 | F32: =D32+E32 -> 97 | H32: =F32-G32 -> 97
A33: 29 | B33: Namakala Mackenzie | C33: Primary Head | D33: 24 | E33: 2 | F33: =D33+E33 -> 26 | H33: =F33-G33 -> 26
A34: 30 | B34: Mashewa Alice | C34: Primary | D34: 4 | E34: 2 | F34: =D34+E34 -> 6 | H34: =F34-G34 -> 6
A35: 31 | B35: Rose Daka | C35: PCELC | D35: 4 | E35: 2 | F35: =D35+E35 -> 6 | H35: =F35-G35 -> 6
A36: 32 | B36: priscilla Muluso | C36: primary | D36: 4 | E36: 2 | F36: =D36+E36 -> 6 | H36: =F36-G36 -> 6
A37: 33 | B37: Banda Esther | C37: prmary | D37: -10 | E37: 2 | F37: =D37+E37 -> -8 | H37: =F37-G37 -> -8
A38: 34 | B38: beatrice Kasuka | C38: General works | D38: 56 | E38: 2 | F38: =D38+E38 -> 58 | H38: =F38-G38 -> 58
A39: 35 | B39: gwaba Mweemba | C39: Head Secondary | D39: 42 | E39: 2 | F39: =D39+E39 -> 44 | H39: =F39-G39 -> 44
A40: 36 | B40: caleb Simuchimba | C40: Secondary | D40: 4 | E40: 2 | F40: =D40+E40 -> 6 | H40: =F40-G40 -> 6
A41: 37 | B41: Kabemba Kim Kabemba | C41: Primary | D41: 0 | E41: 2 | F41: =D41+E41 -> 2 | H41: =F41-G41 -> 2
A42: 38 | B42: mtonga camila | C42: Primary | D42: 4 | E42: 2 | F42: =D42+E42 -> 6 | H42: =F42-G42 -> 6
A43: 39 | B43: Kasaro Flatter | C43: Primary - senior | D43: 5 | E43: 2 | F43: =D43+E43 -> 7 | H43: =F43-G43 -> 7
... A74: 70 | B74: Lungu Stella | C74: General Works | D74: 49 | E74: 2 | F74: =D74+E74 -> 51 | H74: =F74-G74 -> 51
A75: 71 | D75: -2 | E75: 2 | F75: =D75+E75 -> 0 | H75: =F75-G75 -> 0
A76: 72 | B76: harriet Tembo | C76: PCELC | D76: 68 | E76: 2 | F76: =D76+E76 -> 70 | H76: =F76-G76 -> 70
A77: 73 | B77: imbuwa Kakanda | C77: PCEL | D77: 50 | E77: 2 | F77: =D77+E77 -> 52 | H77: =F77-G77 -> 52
A78: 74 | B78: situmbeko mwangala | C78: elc helper | D78: 54 | E78: 2 | F78: =D78+E78 -> 56 | H78: =F78-G78 -> 56
A79: 75 | B79: Esnart Mwanza | C79: PCELC | D79: 36 | E79: 2 | F79: =D79+E79 -> 38 | H79: =F79-G79 -> 38
A80: 76 | B80: nakaundi getrude | C80: elc helper | D80: 77 | E80: 2 | F80: =D80+E80 -> 79 | H80: =F80-G80 -> 79
A81: 77 | B81: njovu samson | C81: driver | D81: 92 | E81: 2 | F81: =D81+E81 -> 94 | H81: =F81-G81 -> 94
A82: 78 | B82: nicholus nsemiwe | C82: ass accountant | D82: 208 | E82: 2 | F82: =D82+E82 -> 210 | H82: =F82-G82 -> 210
A83: 79 | B83: chola Sichivula | C83: driver | D83: 52 | E83: 2 | F83: =D83+E83 -> 54 | H83: =F83-G83 -> 54
A84: 80 | B84: zimba Robert | C84: head Driver | D84: 92 | E84: 2 | F84: =D84+E84 -> 94 | H84: =F84-G84 -> 94
A85: 81 | B85: kelvin banda | C85: driver | D85: 35 | E85: 2 | F85: =D85+E85 -> 37 | H85: =F85-G85 -> 37
A86: 82 | B86: Kambani Benson | C86: Driver | D86: 60 | E86: 2 | F86: =D86+E86 -> 62 | H86: =F86-G86 -> 62
A87: 83 | D87: 8 | E87: 2 | F87: =D87+E87 -> 10 | H87: =F87-G87 -> 10
A88: 84 | B88: siyanga George | C88: driver | D88: 59 | E88: 2 | F88: =D88+E88 -> 61 | H88: =F88-G88 -> 61
A89: 85 | B89: malumani malumani | C89: driver | D89: 62 | E89: 2 | F89: =D89+E89 -> 64 | H89: =F89-G89 -> 64
A90: 86 | B90: chirwa Gibson | C90: driver | D90: 42 | E90: 2 | F90: =D90+E90 -> 44 | H90: =F90-G90 -> 44
A91: 87 | B91: ignatius nyakawele | C91: driver | D91: 93 | E91: 2 | F91: =D91+E91 -> 95 | H91: =F91-G91 -> 95
A92: 88 | B92: mwansa bwalya | C92: driver | D92: 66 | E92: 2 | F92: =D92+E92 -> 68 | H92: =F92-G92 -> 68
A93: 89 | B93: Mary Khoza | C93: general works | D93: 127 | E93: 2 | F93: =D93+E93 -> 129 | H93: =F93-G93 -> 129
A94: 90 | B94: Mulima Wakumelo | C94: general works | D94: 228.5 | E94: 2 | F94: =D94+E94 -> 230.5 | H94: =F94-G94 -> 230.5
A95: 91 | B95: kapinda Wakumelo | C95: general works | D95: 88 | E95: 2 | F95: =D95+E95 -> 90 | H95: =F95-G95 -> 90
A96: 92 | B96: Mainza Chipepo | C96: Media Officer | D96: 57 | E96: 2 | F96: =D96+E96 -> 59 | H96: =F96-G96 -> 59
A97: 93 | B97: Chisela M silwamba | C97: HRO | D97: 92 | E97: 2 | F97: =D97+E97 -> 94 | H97: =F97-G97 -> 94
A98: 94 | B98: Mandona Kangwa | C98: Librarian | D98: 12 | E98: 2 | F98: =D98+E98 -> 14 | H98: =F98-G98 -> 14
A99: 95 | B99: Katabwa Osward | C99: Secondary | D99: 4 | E99: 2 | F99: =D99+E99 -> 6 | H99: =F99-G99 -> 6
A100: 96 | B100: mwansa Kalizya | C100: Swimming | D100: 4 | E100: 2 | F100: =D100+E100 -> 6 | H100: =F100-G100 -> 6
A101: 97 | D101: 8 | E101: 2 | F101: =D101+E101 -> 10 | H101: =F101-G101 -> 10
A102: 98 | B102: Chakufyali Victor | C102: Primary | D102: 5 | E102: 2 | F102: =D102+E102 -> 7 | H102: =F102-G102 -> 7
A103: 99 | B103: Memory Phiri | C103: Primary | D103: 4 | E103: 2 | F103: =D103+E103 -> 6 | H103: =F103-G103 -> 6
A104: 100 | B104: Nkhowani Francis | C104: Security | D104: 10 | E104: 2 | F104: =D104+E104 -> 12 | H104: =F104-G104 -> 12
A105: 101 | B105: Mwape Chongo | C105: Primary | D105: -7 | E105: 2 | F105: =D105+E105 -> -5 | H105: =F105-G105 -> -5
A106: 102 | B106: Mwenya Bruce | C106: Security | D106: 10 | E106: 2 | F106: =D106+E106 -> 12 | H106: =F106-G106 -> 12
A107: 103 | B107: Richard Chilekwa | C107: Security | D107: 48 | E107: 2 | F107: =D107+E107 -> 50 | H107: =F107-G107 -> 50
A108: 104 | B108: faides Daka | C108: security | D108: 33 | E108: 2 | F108: =D108+E108 -> 35 | H108: =F108-G108 -> 35
A109: 105 | B109: Gift Kapalayi | C109: Security | D109: 46 | E109: 2 | F109: =D109+E109 -> 48 | H109: =F109-G109 -> 48
A110: 106 | B110: Levy Ingwe | C110: Security | D110: 122 | E110: 2 | F110: =D110+E110 -> 124 | H110: =F110-G110 -> 124
A111: 107 | B111: zulu Anderson | C111: Security | D111: 44 | E111: 2 | F111: =D111+E111 -> 46 | H111: =F111-G111 -> 46
A112: 108 | B112: Sholobela Abigail | C112: Security Officer | D112: 38 | E112: 2 | F112: =D112+E112 -> 40 | H112: =F112-G112 -> 40
A113: 109 | B113: sley Banda | C113: Driver | D113: 13 | E113: 2 | F113: =D113+E113 -> 15 | H113: =F113-G113 -> 15
... A127: 123 | B127: Mwape Chongo | C127: Primary | D127: 2 | E127: 2 | F127: =D127+E127 -> 4 | H127: =F127-G127 -> 4
A128: 124 | D128: 0 | E128: 2 | F128: =D128+E128 -> 2 | H128: =F128-G128 -> 2
A129: 125 | B129: Richard Chilekwa | C129: Security | D129: 65 | E129: 2 | F129: =D129+E129 -> 67 | H129: =F129-G129 -> 67
A130: 126 | B130: Robert Lungu | C130: Driver | D130: 10 | E130: 2 | F130: =D130+E130 -> 12 | H130: =F130-G130 -> 12
A131: 127 | B131: Gift Kapalayi | C131: Security | D131: 90 | E131: 2 | F131: =D131+E131 -> 92 | H131: =F131-G131 -> 92
A132: 128 | B132: Levy Ingwe | C132: Security | D132: 21 | E132: 2 | F132: =D132+E132 -> 23 | H132: =F132-G132 -> 23
A133: 129 | B133: Sholobela Abigail | C133: Security Officer | D133: 46 | E133: 2 | F133: =D133+E133 -> 48 | H133: =F133-G133 -> 48
A134: 130 | B134: Chirwa Lackson | C134: ass. Head Driver | D134: 26 | E134: 2 | F134: =D134+E134 -> 28 | H134: =F134-G134 -> 28
A135: 131 | B135: Charity Chisala | C135: General Works Helper | D135: 30 | E135: 2 | F135: =D135+E135 -> 32 | H135: =F135-G135 -> 32
A136: 132 | B136: chama Mathews | C136: general Works | D136: 121 | E136: 2 | F136: =D136+E136 -> 123 | H136: =F136-G136 -> 123
A137: 133 | B137: Rabbeca Chiwala | C137: general Works | D137: 34 | E137: 2 | F137: =D137+E137 -> 36 | H137: =F137-G137 -> 36
A138: 134 | B138: Chongo Lillian | C138: General Works | D138: 57 | E138: 2 | F138: =D138+E138 -> 59 | H138: =F138-G138 -> 59
A139: 135 | B139: felix Mukuni | C139: Security | D139: 8 | E139: 2 | F139: =D139+E139 -> 10 | H139: =F139-G139 -> 10
A140: 136 | B140: Bwalya Mwansa | C140: Transport | D140: 8 | E140: 2 | F140: =D140+E140 -> 10 | H140: =F140-G140 -> 10
A141: 137 | D141: 18 | E141: 2 | F141: =D141+E141 -> 20 | H141: =F141-G141 -> 20
A142: 138 | B142: Nkanta Andrew | C142: ICT Techer | D142: -9 | E142: 2 | F142: =D142+E142 -> -7 | H142: =F142-G142 -> -7
A143: 139 | B143: WillFord Samwimwi | C143: General Worker | D143: 10 | E143: 2 | F143: =D143+E143 -> 12 | H143: =F143-G143 -> 12
A144: 140 | D144: 8 | E144: 2 | F144: =D144+E144 -> 10 | H144: =F144-G144 -> 10
A145: 141 | B145: yvon Bwalya | C145: Teacher - Music | D145: 2 | E145: 2 | F145: =D145+E145 -> 4 | H145: =F145-G145 -> 4
A146: 142 | B146: Chola Nsemiwe | C146: Media Assistant | D146: 1 | E146: 2 | F146: =D146+E146 -> 3 | H146: =F146-G146 -> 3
A147: 143 | B147: mofu Mutale Francis | C147: teacher -secondary | D147: 8 | E147: 2 | F147: =D147+E147 -> 10 | H147: =F147-G147 -> 10
A148: 144 | B148: Lubuto Chanda | C148: Secretary | D148: 13 | E148: 2 | F148: =D148+E148 -> 15 | H148: =F148-G148 -> 15
A149: 145 | B149: Mary Kakungu | C149: Teacher -secondary | D149: 4 | E149: 2 | F149: =D149+E149 -> 6 | H149: =F149-G149 -> 6
A150: 146 | B150: victor Chuulu | C150: Security Officer | D150: 40 | E150: 2 | F150: =D150+E150 -> 42 | H150: =F150-G150 -> 42
A151: 147 | B151: Diana Zulu | C151: Public Health | D151: 6 | E151: 2 | F151: =D151+E151 -> 8 | H151: =F151-G151 -> 8
A152: 148 | B152: Maggie Phiri | C152: procurement officer | D152: 10 | E152: 2 | F152: =D152+E152 -> 12 | H152: =F152-G152 -> 12
A153: 149 | B153: emmanuel chama | C153: ass.supervisor maintanenace | D153: 61 | E153: 2 | F153: =D153+E153 -> 63 | H153: =F153-G153 -> 63
A154: 150 | B154: chileshe Micheal | C154: Security | D154: 160 | E154: 2 | F154: =D154+E154 -> 162 | H154: =F154-G154 -> 162
A155: 151 | B155: Alick chirwa | C155: maintenance supervisor | D155: 84 | E155: 2 | F155: =D155+E155 -> 86 | H155: =F155-G155 -> 86
...

Sheet Aug-25
C2: CHUDLEIGH HOUSE SCHOOL STAFF LEAVE DAYS
C3: FOR THE MONTH OF FEBRUARY 2022
B4: NAME | C4: POSITION | D4: OPENING | E4: DAYS EARNED | F4: TOTAL | G4: DAYS TAKEN | H4: NET
A5: 1 | B5: ABBY PHIRI | C5: Financial Controller | D5: 33 | E5: 2 | F5: =D5+E5 -> 35 | H5: =F5-G5 -> 35
A6: 2 | B6: Margaret Mukondwa | C6: Executive Assistant | D6: 134 | E6: 2 | F6: =D6+E6 -> 136 | H6: =F6-G6 -> 136
A7: 3 | B7: mizzie Mutambo | C7: ass. Accountant | D7: 50 | E7: 2 | F7: =D7+E7 -> 52 | G7: 2 | H7: =F7-G7 -> 50
A8: 4 | B8: Tembo Bertha | C8: teacher Primary | D8: 5 | E8: 2 | F8: =D8+E8 -> 7 | G8: 10 | H8: =F8-G8 -> -3
A9: 5 | B9: Kamanugu Mriiam | C9: Teacher Primary | D9: 6 | E9: 2 | F9: =D9+E9 -> 8 | H9: =F9-G9 -> 8
A10: 6 | B10: Chisenga Gillian Mwambela | C10: teacher Primary | D10: 6 | E10: 2 | F10: =D10+E10 -> 8 | G10: 10 | H10: =F10-G10 -> -2
A11: 7 | B11: Nambela Mercy | C11: teacher Primary | D11: 6 | E11: 2 | F11: =D11+E11 -> 8 | G11: 10 | H11: =F11-G11 -> -2
A12: 8 | B12: Nakache Chewe | C12: Teacher Primary | D12: 6 | E12: 2 | F12: =D12+E12 -> 8 | G12: 10 | H12: =F12-G12 -> -2
A13: 9 | B13: Zimba Francisca | C13: teacher Primary | D13: 6 | E13: 2 | F13: =D13+E13 -> 8 | G13: 10 | H13: =F13-G13 -> -2
A14: 10 | B14: Ireen Nachinga | C14: teacher Primary | D14: 6 | E14: 2 | F14: =D14+E14 -> 8 | G14: 10 | H14: =F14-G14 -> -2
A15: 11 | B15: Munyati Senitor | C15: PCELC - Teacher | D15: 5 | E15: 2 | F15: =D15+E15 -> 7 | G15: 10 | H15: =F15-G15 -> -3
A16: 12 | B16: Banda Mary | C16: PCELC- Teacher | D16: 14 | E16: 2 | F16: =D16+E16 -> 16 | G16: 10 | H16: =F16-G16 -> 6
A17: 13 | B17: Mwanida Jere | C17: PCELC- Teacher | D17: 6 | E17: 2 | F17: =D17+E17 -> 8 | G17: 10 | H17: =F17-G17 -> -2
A18: 14 | B18: George Kakoma | C18: Cashier | D18: 29 | E18: 2 | F18: =D18+E18 -> 31 | H18: =F18-G18 -> 31
A19: 15 | B19: Masebo Hudson | C19: School Bursar | D19: 105 | E19: 2 | F19: =D19+E19 -> 107 | H19: =F19-G19 -> 107
A20: 16 | B20: Nancy nanyangwe | C20: Cashier | D20: 79 | E20: 2 | F20: =D20+E20 -> 81 | H20: =F20-G20 -> 81
A21: 17 | B21: samuel Chinyama | C21: Teacher | D21: 8 | E21: 2 | F21: =D21+E21 -> 10 | G21: 5 | H21: =F21-G21 -> 5
A22: 18 | B22: besa Godfrey | C22: Senior Techer | D22: 7 | E22: 2 | F22: =D22+E22 -> 9 | G22: 5 | H22: =F22-G22 -> 4
A23: 19 | B23: Mario Kambani | C23: General Works | D23: 25 | E23: 2 | F23: =D23+E23 -> 27 | H23: =F23-G23 -> 27
A24: 20 | B24: Chanda Chileshe | C24: Primary Teacher | D24: 8 | E24: 2 | F24: =D24+E24 -> 10 | G24: 10 | H24: =F24-G24 -> 0
A25: 21 | B25: Timothy Phiri | C25: General Works | D25: 30 | E25: 2 | F25: =D25+E25 -> 32 | G25: 6 | H25: =F25-G25 -> 26
A26: 22 | B26: Winnie Sishwani | C26: Teacher Secondary | D26: 9 | E26: 2 | F26: =D26+E26 -> 11 | G26: 5 | H26: =F26-G26 -> 6
A27: 23 | B27: Valentine Zulu | C27: Teacher Secondary | D27: 6 | E27: 2 | F27: =D27+E27 -> 8 | G27: 5 | H27: =F27-G27 -> 3
A28: 24 | B28: Tembo Diana | C28: lib Assitant | D28: 22 | E28: 2 | F28: =D28+E28 -> 24 | G28: 10 | H28: =F28-G28 -> 14
A29: 25 | B29: Moses Daka | C29: Security | D29: 115 | E29: 2 | F29: =D29+E29 -> 117 | H29: =F29-G29 -> 117
A30: 26 | B30: Anderson Ngulube | C30: Secondary | D30: 6 | E30: 2 | F30: =D30+E30 -> 8 | G30: 5 | H30: =F30-G30 -> 3
A31: 27 | B31: Mbangweta Mbagweta | C31: Primary | D31: 6 | E31: 2 | F31: =D31+E31 -> 8 | G31: 10 | H31: =F31-G31 -> -2
A32: 28 | B32: kalongana Nyambe | C32: security | D32: 97 | E32: 2 | F32: =D32+E32 -> 99 | H32: =F32-G32 -> 99
A33: 29 | B33: Namakala Mackenzie | C33: Primary Head | D33: 26 | E33: 2 | F33: =D33+E33 -> 28 | G33: 6 | H33: =F33-G33 -> 22
A34: 30 | B34: Mashewa Alice | C34: Primary | D34: 6 | E34: 2 | F34: =D34+E34 -> 8 | G34: 10 | H34: =F34-G34 -> -2
A35: 31 | B35: Rose Daka | C35: PCELC | D35: 6 | E35: 2 | F35: =D35+E35 -> 8 | G35: 10 | H35: =F35-G35 -> -2
A36: 32 | B36: priscilla Muluso | C36: primary | D36: 6 | E36: 2 | F36: =D36+E36 -> 8 | G36: 10 | H36: =F36-G36 -> -2
A37: 33 | B37: Banda Esther | C37: prmary | D37: -8 | E37: 2 | F37: =D37+E37 -> -6 | H37: =F37-G37 -> -6
A38: 34 | B38: beatrice Kasuka | C38: General works | D38: 58 | E38: 2 | F38: =D38+E38 -> 60 | H38: =F38-G38 -> 60
A39: 35 | B39: gwaba Mweemba | C39: Head Secondary | D39: 44 | E39: 2 | F39: =D39+E39 -> 46 | G39: 5 | H39: =F39-G39 -> 41
A40: 36 | B40: caleb Simuchimba | C40: Secondary | D40: 6 | E40: 2 | F40: =D40+E40 -> 8 | G40: 5 | H40: =F40-G40 -> 3
A41: 37 | B41: Kabemba Kim Kabemba | C41: Primary | D41: 2 | E41: 2 | F41: =D41+E41 -> 4 | G41: 10 | H41: =F41-G41 -> -6
A42: 38 | B42: mtonga camila | C42: Primary | D42: 6 | E42: 2 | F42: =D42+E42 -> 8 | G42: 10 | H42: =F42-G42 -> -2
A43: 39 | B43: Kasaro Flatter | C43: Primary - senior | D43: 7 | E43: 2 | F43: =D43+E43 -> 9 | G43: 5 | H43: =F43-G43 -> 4
A44: 40 | B44: Jere Davison | C44: Primary | D44: 2 | E44: 2 | F44: =D44+E44 -> 4 | H44: =F44-G44 -> 4
A45: 41 | B45: Hellen Botha | C45: PCELC | D45: 4 | E45: 2 | F45: =D45+E45 -> 6 | G45: 10 | H45: =F45-G45 -> -4
A46: 42 | B46: Khondowe Laureen | C46: Primary | D46: 6 | E46: 2 | F46: =D46+E46 -> 8 | G46: 10 | H46: =F46-G46 -> -2
A47: 43 | B47: mvula Sayenera | C47: Secondary | D47: 6 | E47: 2 | F47: =D47+E47 -> 8 | G47: 5 | H47: =F47-G47 -> 3
A48: 44 | B48: Faith Hanunga | C48: Secretary | D48: 15 | E48: 2 | F48: =D48+E48 -> 17 | G48: 6 | H48: =F48-G48 -> 11
A49: 45 | B49: Chinuuka Gloria | C49: Secretary | D49: 100 | E49: 2 | F49: =D49+E49 -> 102 | G49: 6 | H49: =F49-G49 -> 96
A50: 46 | B50: Zulu Golden | C50: property Manager | D50: 49 | E50: 2 | F50: =D50+E50 -> 51 | H50: =F50-G50 -> 51
A51: 47 | B51: Alexander Muteba | C51: Security officer | D51: 79 | E51: 2 | F51: =D51+E51 -> 81 | H51: =F51-G51 -> 81
A52: 48 | B52: Hellen Mbewe | C52: Head PCELC | D52: 129 | E52: 2 | F52: =D52+E52 -> 131 | G52: 8 | H52: =F52-G52 -> 123
A53: 49 | B53: Bertha Shantotola | C53: Teacher PCELC | D53: 6 | E53: 2 | F53: =D53+E53 -> 8 | G53: 10 | H53: =F53-G53 -> -2
A54: 50 | B54: Priscilla Lutele | C54: Teacher PCELC | D54: 4 | E54: 2 | F54: =D54+E54 -> 6 | G54: 10 | H54: =F54-G54 -> -4
A55: 51 | B55: Bwalya Mwaba | C55: Teacher PCELc | D55: 8 | E55: 2 | F55: =D55+E55 -> 10 | H55: =F55-G55 -> 10
A56: 52 | B56: Tracy Chuulu | C56: teacher PCELC | D56: 9 | E56: 2 | F56: =D56+E56 -> 11 | G56: 10 | H56: =F56-G56 -> 1
A57: 53 | B57: Barbra Bwalya | C57: Teacher PCELC | D57: 6 | E57: 2 | F57: =D57+E57 -> 8 | G57: 10 | H57: =F57-G57 -> -2
A58: 54 | B58: Dorcus Mwinina | C58: ELC Helper | D58: 88 | E58: 2 | F58: =D58+E58 -> 90 | G58: 6 | H58: =F58-G58 -> 84
A59: 55 | B59: Ruth Zinduna | C59: General Works | D59: 44 | E59: 2 | F59: =D59+E59 -> 46 | G59: 6 | H59: =F59-G59 -> 40
A60: 56 | B60: Moyo Tendai | C60: General Works | D60: 67 | E60: 2 | F60: =D60+E60 -> 69 | G60: 6 | H60: =F60-G60 -> 63
A61: 57 | B61: Nyedwa Eneless | C61: general Works | D61: 33 | E61: 2 | F61: =D61+E61 -> 35 | G61: 6 | H61: =F61-G61 -> 29
A62: 58 | B62: Alex Mulenga | C62: General works | D62: 126 | E62: 2 | F62: =D62+E62 -> 128 | G62: 7 | H62: =F62-G62 -> 121
A63: 59 | B63: Lyson Mbelenji | C63: general works | D63: 153 | E63: 2 | F63: =D63+E63 -> 155 | G63: 6 | H63: =F63-G63 -> 149
A64: 60 | B64: amon Kaluba | C64: general works | D64: 55 | E64: 2 | F64: =D64+E64 -> 57 | G64: 6 | H64: =F64-G64 -> 51
A65: 61 | B65: Lingson Zulu | C65: General works | D65: 44 | E65: 2 | F65: =D65+E65 -> 46 | G65: 12 | H65: =F65-G65 -> 34
A66: 62 | B66: sakala Christine | C66: general works | D66: 97 | E66: 2 | F66: =D66+E66 -> 99 | G66: 6 | H66: =F66-G66 -> 93
A67: 63 | B67: David Banda | C67: General works | D67: 56 | E67: 2 | F67: =D67+E67 -> 58 | G67: 6 | H67: =F67-G67 -> 52
A68: 64 | B68: mtonga James | C68: General Works | D68: 58 | E68: 2 | F68: =D68+E68 -> 60 | G68: 5 | H68: =F68-G68 -> 55
A69: 65 | B69: Raymond Zulu | C69: General works | D69: 78 | E69: 2 | F69: =D69+E69 -> 80 | H69: =F69-G69 -> 80
A70: 66 | B70: Christopher Sakala | C70: General works | D70: 47 | E70: 2 | F70: =D70+E70 -> 49 | G70: 6 | H70: =F70-G70 -> 43
A71: 67 | B71: Moyo Hastings | C71: general Works | D71: 85 | E71: 2 | F71: =D71+E71 -> 87 | G71: 7 | H71: =F71-G71 -> 80
A72: 68 | B72: Mwikisa Lubosi | C72: General Works | D72: 92 | E72: 2 | F72: =D72+E72 -> 94 | G72: 6 | H72: =F72-G72 -> 88
A73: 69 | B73: martin Kampamba | C73: General Works | D73: 119 | E73: 2 | F73: =D73+E73 -> 121 | G73: 6 | H73: =F73-G73 -> 115
A74: 70 | B74: Lungu Stella | C74: General Works | D74: 51 | E74: 2 | F74: =D74+E74 -> 53 | G74: 6 | H74: =F74-G74 -> 47
A75: 71 | B75: Sinoya Lungu | C75: Security | D75: 20 | E75: 2 | F75: =D75+E75 -> 22 | H75: =F75-G75 -> 22
A76: 72 | B76: harriet Tembo | C76: PCELC | D76: 70 | E76: 2 | F76: =D76+E76 -> 72 | G76: 6 | H76: =F76-G76 -> 66
A77: 73 | B77: imbuwa Kakanda | C77: PCEL | D77: 52 | E77: 2 | F77: =D77+E77 -> 54 | G77: 6 | H77: =F77-G77 -> 48
A78: 74 | B78: situmbeko mwangala | C78: elc helper | D78: 56 | E78: 2 | F78: =D78+E78 -> 58 | G78: 6 | H78: =F78-G78 -> 52
A79: 75 | B79: Esnart Mwanza | C79: PCELC | D79: 38 | E79: 2 | F79: =D79+E79 -> 40 | G79: 6 | H79: =F79-G79 -> 34
A80: 76 | B80: nakaundi getrude | C80: elc helper | D80: 79 | E80: 2 | F80: =D80+E80 -> 81 | G80: 6 | H80: =F80-G80 -> 75
A81: 77 | B81: njovu samson | C81: driver | D81: 94 | E81: 2 | F81: =D81+E81 -> 96 | H81: =F81-G81 -> 96
A82: 78 | B82: nicholus nsemiwe | C82: ass accountant | D82: 210 | E82: 2 | F82: =D82+E82 -> 212 | H82: =F82-G82 -> 212
A83: 79 | B83: chola Sichivula | C83: driver | D83: 54 | E83: 2 | F83: =D83+E83 -> 56 | G83: 11 | H83: =F83-G83 -> 45
A84: 80 | B84: zimba Robert | C84: head Driver | D84: 94 | E84: 2 | F84: =D84+E84 -> 96 | G84: 65 | H84: =F84-G84 -> 31
A85: 81 | B85: kelvin banda | C85: driver | D85: 37 | E85: 2 | F85: =D85+E85 -> 39 | G85: 5 | H85: =F85-G85 -> 34
A86: 82 | B86: Kambani Benson | C86: Driver | D86: 62 | E86: 2 | F86: =D86+E86 -> 64 | G86: 5 | H86: =F86-G86 -> 59
A87: 83 | B87: Banda Westone | C87: Teacher Secondary | D87: 6 | E87: 2 | F87: =D87+E87 -> 8 | G87: 5 | H87: =F87-G87 -> 3
A88: 84 | B88: siyanga George | C88: driver | D88: 61 | E88: 2 | F88: =D88+E88 -> 63 | G88: 5 | H88: =F88-G88 -> 58
A89: 85 | B89: malumani malumani | C89: driver | D89: 64 | E89: 2 | F89: =D89+E89 -> 66 | G89: 5 | H89: =F89-G89 -> 61
A90: 86 | B90: chirwa Gibson | C90: driver | D90: 44 | E90: 2 | F90: =D90+E90 -> 46 | H90: =F90-G90 -> 46
A91: 87 | B91: Emmanuel Banda | C91: Bussiness Development Manager | D91: 47 | E91: 2 | F91: =D91+E91 -> 49 | H91: =F91-G91 -> 49
A92: 88 | B92: mwansa bwalya | C92: driver | D92: 68 | E92: 2 | F92: =D92+E92 -> 70 | H92: =F92-G92 -> 70
A93: 89 | B93: Mary Khoza | C93: general works | D93: 129 | E93: 2 | F93: =D93+E93 -> 131 | H93: =F93-G93 -> 131
A94: 90 | B94: Mulima Wakumelo | C94: general works | D94: 230.5 | E94: 2 | F94: =D94+E94 -> 232.5 | G94: 30 | H94: =F94-G94 -> 202.5
A95: 91 | B95: kapinda Wakumelo | C95: general works | D95: 90 | E95: 2 | F95: =D95+E95 -> 92 | H95: =F95-G95 -> 92
A96: 92 | B96: Mainza Chipepo | C96: Media Officer | D96: 59 | E96: 2 | F96: =D96+E96 -> 61 | H96: =F96-G96 -> 61
A97: 93 | B97: Chisela M silwamba | C97: HRO | D97: 94 | E97: 2 | F97: =D97+E97 -> 96 | H97: =F97-G97 -> 96
A98: 94 | B98: Mandona Kangwa | C98: Librarian | D98: 14 | E98: 2 | F98: =D98+E98 -> 16 | H98: =F98-G98 -> 16
A99: 95 | B99: Katabwa Osward | C99: Secondary | D99: 6 | E99: 2 | F99: =D99+E99 -> 8 | G99: 5 | H99: =F99-G99 -> 3
A100: 96 | B100: mwansa Kalizya | C100: Swimming | D100: 6 | E100: 2 | F100: =D100+E100 -> 8 | G100: 10 | H100: =F100-G100 -> -2
A101: 97 | B101: Funwell Kunda | C101: ICT/GEOG | D101: 6 | E101: 2 | F101: =D101+E101 -> 8 | G101: 10 | H101: =F101-G101 -> -2
...

Sheet Sep-25
C2: CHUDLEIGH HOUSE SCHOOL STAFF LEAVE DAYS
C3: FOR THE MONTH OF FEBRUARY 2022
B4: NAME | C4: POSITION | D4: OPENING | E4: DAYS EARNED | F4: TOTAL | G4: DAYS TAKEN | H4: NET
A5: 1 | B5: ABBY PHIRI | C5: Financial Controller | D5: 35 | E5: 2 | F5: =D5+E5 -> 37 | H5: =F5-G5 -> 37
A6: 2 | B6: Margaret Mukondwa | C6: Executive Assistant | D6: 136 | E6: 2 | F6: =D6+E6 -> 138 | H6: =F6-G6 -> 138
A7: 3 | B7: mizzie Mutambo | C7: ass. Accountant | D7: 50 | E7: 2 | F7: =D7+E7 -> 52 | H7: =F7-G7 -> 52
A8: 4 | B8: Tembo Bertha | C8: teacher Primary | D8: -3 | E8: 2 | F8: =D8+E8 -> -1 | H8: =F8-G8 -> -1
A9: 5 | B9: Kamanugu Mriiam | C9: Teacher Primary | D9: 8 | E9: 2 | F9: =D9+E9 -> 10 | H9: =F9-G9 -> 10
A10: 6 | B10: Chisenga Gillian Mwambela | C10: teacher Primary | D10: -2 | E10: 2 | F10: =D10+E10 -> 0 | H10: =F10-G10 -> 0
A11: 7 | B11: Nambela Mercy | C11: teacher Primary | D11: -2 | E11: 2 | F11: =D11+E11 -> 0 | G11: 2 | H11: =F11-G11 -> -2
A12: 8 | B12: Nakache Chewe | C12: Teacher Primary | D12: -2 | E12: 2 | F12: =D12+E12 -> 0 | H12: =F12-G12 -> 0
A13: 9 | B13: Zimba Francisca | C13: teacher Primary | D13: -2 | E13: 2 | F13: =D13+E13 -> 0 | H13: =F13-G13 -> 0
A14: 10 | B14: Ireen Nachinga | C14: teacher Primary | D14: -2 | E14: 2 | F14: =D14+E14 -> 0 | H14: =F14-G14 -> 0
A15: 11 | B15: Munyati Senitor | C15: PCELC - Teacher | D15: -3 | E15: 2 | F15: =D15+E15 -> -1 | H15: =F15-G15 -> -1
A16: 12 | B16: Banda Mary | C16: PCELC- Teacher | D16: 6 | E16: 2 | F16: =D16+E16 -> 8 | H16: =F16-G16 -> 8
A17: 13 | B17: Mwanida Jere | C17: PCELC- Teacher | D17: -2 | E17: 2 | F17: =D17+E17 -> 0 | H17: =F17-G17 -> 0
A18: 14 | B18: George Kakoma | C18: Cashier | D18: 31 | E18: 2 | F18: =D18+E18 -> 33 | H18: =F18-G18 -> 33
A19: 15 | B19: Masebo Hudson | C19: School Bursar | D19: 107 | E19: 2 | F19: =D19+E19 -> 109 | H19: =F19-G19 -> 109
A20: 16 | B20: Nancy nanyangwe | C20: Cashier | D20: 81 | E20: 2 | F20: =D20+E20 -> 83 | G20: 1 | H20: =F20-G20 -> 82
A21: 17 | B21: samuel Chinyama | C21: Teacher | D21: 5 | E21: 2 | F21: =D21+E21 -> 7 | H21: =F21-G21 -> 7
A22: 18 | B22: besa Godfrey | C22: Senior Techer | D22: 4 | E22: 2 | F22: =D22+E22 -> 6 | H22: =F22-G22 -> 6
A23: 19 | B23: Esau Chinkalata | C23: Teacher Secondary | D23: 0 | E23: 2 | F23: =D23+E23 -> 2 | H23: =F23-G23 -> 2
A24: 20 | B24: Chanda Chileshe | C24: Primary Teacher | D24: 0 | E24: 2 | F24: =D24+E24 -> 2 | H24: =F24-G24 -> 2
A25: 21 | B25: Timothy Phiri | C25: General Works | D25: 26 | E25: 2 | F25: =D25+E25 -> 28 | H25: =F25-G25 -> 28
A26: 22 | B26: Winnie Sishwani | C26: Teacher Secondary | D26: 6 | E26: 2 | F26: =D26+E26 -> 8 | H26: =F26-G26 -> 8
A27: 23 | B27: Valentine Zulu | C27: Teacher Secondary | D27: 3 | E27: 2 | F27: =D27+E27 -> 5 | H27: =F27-G27 -> 5
A28: 24 | B28: Tembo Diana | C28: lib Assitant | D28: 14 | E28: 2 | F28: =D28+E28 -> 16 | H28: =F28-G28 -> 16
A29: 25 | B29: Moses Daka | C29: Security | D29: 117 | E29: 2 | F29: =D29+E29 -> 119 | H29: =F29-G29 -> 119
A30: 26 | B30: Anderson Ngulube | C30: Secondary | D30: 3 | E30: 2 | F30: =D30+E30 -> 5 | H30: =F30-G30 -> 5
A31: 27 | B31: Mbangweta Mbagweta | C31: Primary | D31: -2 | E31: 2 | F31: =D31+E31 -> 0 | H31: =F31-G31 -> 0
A32: 28 | B32: kalongana Nyambe | C32: security | D32: 99 | E32: 2 | F32: =D32+E32 -> 101 | G32: 1 | H32: =F32-G32 -> 100
A33: 29 | B33: Namakala Mackenzie | C33: Primary Head | D33: 22 | E33: 2 | F33: =D33+E33 -> 24 | H33: =F33-G33 -> 24
A34: 30 | B34: Mashewa Alice | C34: Primary | D34: -2 | E34: 2 | F34: =D34+E34 -> 0 | H34: =F34-G34 -> 0
A35: 31 | B35: Rose Daka | C35: PCELC | D35: -2 | E35: 2 | F35: =D35+E35 -> 0 | H35: =F35-G35 -> 0
A36: 32 | B36: priscilla Muluso | C36: primary | D36: -2 | E36: 2 | F36: =D36+E36 -> 0 | H36: =F36-G36 -> 0
A37: 33 | B37: Banda Esther | C37: prmary | D37: -6 | E37: 2 | F37: =D37+E37 -> -4 | H37: =F37-G37 -> -4
A38: 34 | B38: beatrice Kasuka | C38: General works | D38: 60 | E38: 2 | F38: =D38+E38 -> 62 | H38: =F38-G38 -> 62
A39: 35 | B39: gwaba Mweemba | C39: Head Secondary | D39: 41 | E39: 2 | F39: =D39+E39 -> 43 | H39: =F39-G39 -> 43
A40: 36 | B40: caleb Simuchimba | C40: Secondary | D40: 3 | E40: 2 | F40: =D40+E40 -> 5 | H40: =F40-G40 -> 5
A41: 37 | B41: Kabemba Kim Kabemba | C41: Primary | D41: -6 | E41: 2 | F41: =D41+E41 -> -4 | H41: =F41-G41 -> -4
A42: 38 | B42: mtonga camila | C42: Primary | D42: -2 | E42: 2 | F42: =D42+E42 -> 0 | H42: =F42-G42 -> 0
A43: 39 | B43: Kasaro Flatter | C43: Primary - senior | D43: 4 | E43: 2 | F43: =D43+E43 -> 6 | H43: =F43-G43 -> 6
A44: 40 | B44: Jere Davison | C44: Primary | D44: 4 | E44: 2 | F44: =D44+E44 -> 6 | H44: =F44-G44 -> 6
... A52: 48 | B52: Hellen Mbewe | C52: Head PCELC | D52: 123 | E52: 2 | F52: =D52+E52 -> 125 | H52: =F52-G52 -> 125
A53: 49 | B53: Bertha Shantotola | C53: Teacher PCELC | D53: -2 | E53: 2 | F53: =D53+E53 -> 0 | G53: 1 | H53: =F53-G53 -> -1
A54: 50 | B54: Priscilla Lutele | C54: Teacher PCELC | D54: -4 | E54: 2 | F54: =D54+E54 -> -2 | H54: =F54-G54 -> -2
A55: 51 | B55: Bwalya Mwaba | C55: Teacher PCELc | D55: 10 | E55: 2 | F55: =D55+E55 -> 12 | H55: =F55-G55 -> 12
A56: 52 | B56: Tracy Chuulu | C56: teacher PCELC | D56: 1 | E56: 2 | F56: =D56+E56 -> 3 | G56: 1 | H56: =F56-G56 -> 2
A57: 53 | B57: Barbra Bwalya | C57: Teacher PCELC | D57: -2 | E57: 2 | F57: =D57+E57 -> 0 | H57: =F57-G57 -> 0
A58: 54 | B58: Dorcus Mwinina | C58: ELC Helper | D58: 84 | E58: 2 | F58: =D58+E58 -> 86 | G58: 1 | H58: =F58-G58 -> 85
A59: 55 | B59: Ruth Zinduna | C59: General Works | D59: 40 | E59: 2 | F59: =D59+E59 -> 42 | H59: =F59-G59 -> 42
A60: 56 | B60: Moyo Tendai | C60: General Works | D60: 63 | E60: 2 | F60: =D60+E60 -> 65 | H60: =F60-G60 -> 65
A61: 57 | B61: Nyedwa Eneless | C61: general Works | D61: 29 | E61: 2 | F61: =D61+E61 -> 31 | H61: =F61-G61 -> 31
A62: 58 | B62: Alex Mulenga | C62: General works | D62: 121 | E62: 2 | F62: =D62+E62 -> 123 | G62: 50 | H62: =F62-G62 -> 73
A63: 59 | B63: Lyson Mbelenji | C63: general works | D63: 149 | E63: 2 | F63: =D63+E63 -> 151 | H63: =F63-G63 -> 151
A64: 60 | B64: amon Kaluba | C64: general works | D64: 51 | E64: 2 | F64: =D64+E64 -> 53 | H64: =F64-G64 -> 53
A65: 61 | B65: Lingson Zulu | C65: General works | D65: 34 | E65: 2 | F65: =D65+E65 -> 36 | H65: =F65-G65 -> 36
A66: 62 | B66: sakala Christine | C66: general works | D66: 93 | E66: 2 | F66: =D66+E66 -> 95 | H66: =F66-G66 -> 95
A67: 63 | B67: David Banda | C67: General works | D67: 52 | E67: 2 | F67: =D67+E67 -> 54 | H67: =F67-G67 -> 54
A68: 64 | B68: mtonga James | C68: General Works | D68: 55 | E68: 2 | F68: =D68+E68 -> 57 | H68: =F68-G68 -> 57
A69: 65 | B69: Raymond Zulu | C69: General works | D69: 80 | E69: 2 | F69: =D69+E69 -> 82 | H69: =F69-G69 -> 82
A70: 66 | B70: Christopher Sakala | C70: General works | D70: 43 | E70: 2 | F70: =D70+E70 -> 45 | H70: =F70-G70 -> 45
A71: 67 | B71: Moyo Hastings | C71: general Works | D71: 80 | E71: 2 | F71: =D71+E71 -> 82 | H71: =F71-G71 -> 82
A72: 68 | B72: Mwikisa Lubosi | C72: General Works | D72: 88 | E72: 2 | F72: =D72+E72 -> 90 | H72: =F72-G72 -> 90
A73: 69 | B73: martin Kampamba | C73: General Works | D73: 115 | E73: 2 | F73: =D73+E73 -> 117 | H73: =F73-G73 -> 117
A74: 70 | B74: Lungu Stella | C74: General Works | D74: 47 | E74: 2 | F74: =D74+E74 -> 49 | H74: =F74-G74 -> 49
... A85: 81 | B85: kelvin banda | C85: driver | D85: 34 | E85: 2 | F85: =D85+E85 -> 36 | H85: =F85-G85 -> 36
A86: 82 | B86: Kambani Benson | C86: Driver | D86: 59 | E86: 2 | F86: =D86+E86 -> 61 | G86: 1 | H86: =F86-G86 -> 60
A87: 83 | B87: Banda Westone | C87: Teacher Secondary | D87: 3 | E87: 2 | F87: =D87+E87 -> 5 | H87: =F87-G87 -> 5
A88: 84 | B88: siyanga George | C88: driver | D88: 58 | E88: 2 | F88: =D88+E88 -> 60 | H88: =F88-G88 -> 60
A89: 85 | B89: malumani malumani | C89: driver | D89: 61 | E89: 2 | F89: =D89+E89 -> 63 | H89: =F89-G89 -> 63
A90: 86 | B90: chirwa Gibson | C90: driver | D90: 46 | E90: 2 | F90: =D90+E90 -> 48 | H90: =F90-G90 -> 48
A91: 87 | B91: Emmanuel Banda | C91: Bussiness Development Manager | D91: 49 | E91: 2 | F91: =D91+E91 -> 51 | H91: =F91-G91 -> 51
A92: 88 | B92: mwansa bwalya | C92: driver | D92: 70 | E92: 2 | F92: =D92+E92 -> 72 | H92: =F92-G92 -> 72
A93: 89 | B93: Mary Khoza | C93: general works | D93: 131 | E93: 2 | F93: =D93+E93 -> 133 | H93: =F93-G93 -> 133
A94: 90 | B94: Mulima Wakumelo | C94: general works | D94: 202.5 | E94: 2 | F94: =D94+E94 -> 204.5 | H94: =F94-G94 -> 204.5
A95: 91 | B95: kapinda Wakumelo | C95: general works | D95: 92 | E95: 2 | F95: =D95+E95 -> 94 | H95: =F95-G95 -> 94
A96: 92 | B96: Mainza Chipepo | C96: Media Officer | D96: 61 | E96: 2 | F96: =D96+E96 -> 63 | H96: =F96-G96 -> 63
A97: 93 | B97: Chisela M silwamba | C97: HRO | D97: 56 | E97: 2 | F97: =D97+E97 -> 58 | G97: 1 | H97: =F97-G97 -> 57
A98: 94 | B98: Mandona Kangwa | C98: Librarian | D98: 16 | E98: 2 | F98: =D98+E98 -> 18 | H98: =F98-G98 -> 18
A99: 95 | B99: Katabwa Osward | C99: Secondary | D99: 3 | E99: 2 | F99: =D99+E99 -> 5 | G99: 1 | H99: =F99-G99 -> 4
A100: 96 | B100: mwansa Kalizya | C100: Swimming | D100: -2 | E100: 2 | F100: =D100+E100 -> 0 | H100: =F100-G100 -> 0
A101: 97 | B101: Funwell Kunda | C101: ICT/GEOG | D101: -2 | E101: 2 | F101: =D101+E101 -> 0 | H101: =F101-G101 -> 0
A102: 98 | B102: Chakufyali Victor | C102: Primary | D102: 4 | E102: 2 | F102: =D102+E102 -> 6 | H102: =F102-G102 -> 6
A103: 99 | B103: Memory Phiri | C103: Primary | D103: -2 | E103: 2 | F103: =D103+E103 -> 0 | H103: =F103-G103 -> 0
A104: 100 | B104: Nkhowani Francis | C104: Security | D104: 14 | E104: 2 | F104: =D104+E104 -> 16 | H104: =F104-G104 -> 16
A105: 101 | B105: Mwape Chongo | C105: Primary | D105: -3 | E105: 2 | F105: =D105+E105 -> -1 | H105: =F105-G105 -> -1
A106: 102 | B106: Mwenya Bruce | C106: Security | D106: 14 | E106: 2 | F106: =D106+E106 -> 16 | H106: =F106-G106 -> 16
A107: 103 | B107: Richard Chilekwa | C107: Security | D107: 52 | E107: 2 | F107: =D107+E107 -> 54 | H107: =F107-G107 -> 54
A108: 104 | B108: faides Daka | C108: security | D108: 37 | E108: 2 | F108: =D108+E108 -> 39 | H108: =F108-G108 -> 39
A109: 105 | B109: Gift Kapalayi | C109: Security | D109: 50 | E109: 2 | F109: =D109+E109 -> 52 | H109: =F109-G109 -> 52
A110: 106 | B110: Levy Ingwe | C110: Security | D110: 126 | E110: 2 | F110: =D110+E110 -> 128 | H110: =F110-G110 -> 128
A111: 107 | B111: zulu Anderson | C111: Security | D111: 48 | E111: 2 | F111: =D111+E111 -> 50 | H111: =F111-G111 -> 50
... A162: 158 | B162: Aubrey Undi Phiri | C162: Secondary | D162: 26 | E162: 2 | F162: =D162+E162 -> 28 | H162: =F162-G162 -> 28
A163: 159 | B163: Ziwa Zenaidah | C163: Primary | D163: -4 | E163: 2 | F163: =D163+E163 -> -2 | G163: 3 | H163: =F163-G163 -> -5
A164: 160 | B164: Poniso Lubasi | C164: Primary | D164: 4 | E164: 2 | F164: =D164+E164 -> 6 | H164: =F164-G164 -> 6
A165: 161 | B165: Chisala Ngandwe | C165: Primary | D165: 4 | E165: 2 | F165: =D165+E165 -> 6 | H165: =F165-G165 -> 6
A166: 162 | B166: Chungu Joan | C166: Primary | D166: -4 | E166: 2 | F166: =D166+E166 -> -2 | H166: =F166-G166 -> -2
A167: 163 | B167: bwalya Clara | C167: primary | D167: 3 | E167: 2 | F167: =D167+E167 -> 5 | H167: =F167-G167 -> 5
A168: 164 | B168: Ngoma Mercy | C168: Primary | D168: -4 | E168: 2 | F168: =D168+E168 -> -2 | H168: =F168-G168 -> -2
...

Sheet Oct-25
C2: CHUDLEIGH HOUSE SCHOOL STAFF LEAVE DAYS
C3: FOR THE MONTH OF FEBRUARY 2022
B4: NAME | C4: POSITION | D4: OPENING | E4: DAYS EARNED | F4: TOTAL | G4: DAYS TAKEN | H4: NET
A5: 1 | B5: ABBY PHIRI | C5: Financial Controller | D5: 37 | E5: 2 | F5: =D5+E5 -> 39 | H5: =F5-G5 -> 39
A6: 2 | B6: Margaret Mukondwa | C6: Executive Assistant | D6: 138 | E6: 2 | F6: =D6+E6 -> 140 | G6: 4 | H6: =F6-G6 -> 136
A7: 3 | B7: mizzie Mutambo | C7: ass. Accountant | D7: 52 | E7: 2 | F7: =D7+E7 -> 54 | H7: =F7-G7 -> 54
A8: 4 | B8: Tembo Bertha | C8: teacher Primary | D8: -1 | E8: 2 | F8: =D8+E8 -> 1 | H8: =F8-G8 -> 1
A9: 5 | B9: Kamanugu Mriiam | C9: Teacher Primary | D9: 10 | E9: 2 | F9: =D9+E9 -> 12 | H9: =F9-G9 -> 12
A10: 6 | B10: Chisenga Gillian Mwambela | C10: teacher Primary | D10: 0 | E10: 2 | F10: =D10+E10 -> 2 | H10: =F10-G10 -> 2
A11: 7 | B11: Nambela Mercy | C11: teacher Primary | D11: -2 | E11: 2 | F11: =D11+E11 -> 0 | H11: =F11-G11 -> 0
A12: 8 | B12: Nakache Chewe | C12: Teacher Primary | D12: 0 | E12: 2 | F12: =D12+E12 -> 2 | H12: =F12-G12 -> 2
A13: 9 | B13: Zimba Francisca | C13: teacher Primary | D13: 0 | E13: 2 | F13: =D13+E13 -> 2 | H13: =F13-G13 -> 2
A14: 10 | B14: Ireen Nachinga | C14: teacher Primary | D14: 0 | E14: 2 | F14: =D14+E14 -> 2 | H14: =F14-G14 -> 2
A15: 11 | B15: Munyati Senitor | C15: PCELC - Teacher | D15: -1 | E15: 2 | F15: =D15+E15 -> 1 | H15: =F15-G15 -> 1
A16: 12 | B16: Banda Mary | C16: PCELC- Teacher | D16: 8 | E16: 2 | F16: =D16+E16 -> 10 | H16: =F16-G16 -> 10
A17: 13 | B17: Mwanida Jere | C17: PCELC- Teacher | D17: 0 | E17: 2 | F17: =D17+E17 -> 2 | G17: 2 | H17: =F17-G17 -> 0
A18: 14 | B18: George Kakoma | C18: Cashier | D18: 33 | E18: 2 | F18: =D18+E18 -> 35 | H18: =F18-G18 -> 35
A19: 15 | B19: Masebo Hudson | C19: School Bursar | D19: 109 | E19: 2 | F19: =D19+E19 -> 111 | H19: =F19-G19 -> 111
A20: 16 | B20: Nancy nanyangwe | C20: Cashier | D20: 82 | E20: 2 | F20: =D20+E20 -> 84 | G20: 2 | H20: =F20-G20 -> 82
A21: 17 | B21: samuel Chinyama | C21: Teacher | D21: 7 | E21: 2 | F21: =D21+E21 -> 9 | H21: =F21-G21 -> 9
A22: 18 | B22: besa Godfrey | C22: Senior Techer | D22: 6 | E22: 2 | F22: =D22+E22 -> 8 | H22: =F22-G22 -> 8
A23: 19 | B23: Esau Chinkalata | C23: Teacher Secondary | D23: 2 | E23: 2 | F23: =D23+E23 -> 4 | H23: =F23-G23 -> 4
A24: 20 | B24: Chanda Chileshe | C24: Primary Teacher | D24: 2 | E24: 2 | F24: =D24+E24 -> 4 | H24: =F24-G24 -> 4
A25: 21 | B25: Timothy Phiri | C25: General Works | D25: 28 | E25: 2 | F25: =D25+E25 -> 30 | H25: =F25-G25 -> 30
A26: 22 | B26: Winnie Sishwani | C26: Teacher Secondary | D26: 8 | E26: 2 | F26: =D26+E26 -> 10 | H26: =F26-G26 -> 10
A27: 23 | B27: Valentine Zulu | C27: Teacher Secondary | D27: 5 | E27: 2 | F27: =D27+E27 -> 7 | H27: =F27-G27 -> 7
A28: 24 | B28: Tembo Diana | C28: lib Assitant | D28: 16 | E28: 2 | F28: =D28+E28 -> 18 | H28: =F28-G28 -> 18
A29: 25 | B29: Moses Daka | C29: Security | D29: 119 | E29: 2 | F29: =D29+E29 -> 121 | G29: 33 | H29: =F29-G29 -> 88
A30: 26 | B30: Anderson Ngulube | C30: Secondary | D30: 5 | E30: 2 | F30: =D30+E30 -> 7 | H30: =F30-G30 -> 7
A31: 27 | B31: Mbangweta Mbagweta | C31: Primary | D31: 0 | E31: 2 | F31: =D31+E31 -> 2 | H31: =F31-G31 -> 2
A32: 28 | B32: kalongana Nyambe | C32: security | D32: 100 | E32: 2 | F32: =D32+E32 -> 102 | H32: =F32-G32 -> 102
A33: 29 | B33: Namakala Mackenzie | C33: Primary Head | D33: 24 | E33: 2 | F33: =D33+E33 -> 26 | G33: 2 | H33: =F33-G33 -> 24
A34: 30 | B34: Mashewa Alice | C34: Primary | D34: 0 | E34: 2 | F34: =D34+E34 -> 2 | H34: =F34-G34 -> 2
A35: 31 | B35: Rose Daka | C35: PCELC | D35: 0 | E35: 2 | F35: =D35+E35 -> 2 | H35: =F35-G35 -> 2
A36: 32 | B36: priscilla Muluso | C36: primary | D36: 0 | E36: 2 | F36: =D36+E36 -> 2 | G36: 3 | H36: =F36-G36 -> -1
A37: 33 | B37: Banda Esther | C37: prmary | D37: -4 | E37: 2 | F37: =D37+E37 -> -2 | H37: =F37-G37 -> -2
A38: 34 | B38: beatrice Kasuka | C38: General works | D38: 62 | E38: 2 | F38: =D38+E38 -> 64 | H38: =F38-G38 -> 64
A39: 35 | B39: gwaba Mweemba | C39: Head Secondary | D39: 43 | E39: 2 | F39: =D39+E39 -> 45 | H39: =F39-G39 -> 45
A40: 36 | B40: caleb Simuchimba | C40: Secondary | D40: 5 | E40: 2 | F40: =D40+E40 -> 7 | H40: =F40-G40 -> 7
A41: 37 | B41: Kabemba Kim Kabemba | C41: Primary | D41: -4 | E41: 2 | F41: =D41+E41 -> -2 | G41: 4 | H41: =F41-G41 -> -6
A42: 38 | B42: mtonga camila | C42: Primary | D42: 0 | E42: 2 | F42: =D42+E42 -> 2 | G42: 4 | H42: =F42-G42 -> -2
A43: 39 | B43: Kasaro Flatter | C43: Primary - senior | D43: 6 | E43: 2 | F43: =D43+E43 -> 8 | H43: =F43-G43 -> 8
A44: 40 | B44: Jere Davison | C44: Primary | D44: 6 | E44: 2 | F44: =D44+E44 -> 8 | G44: 5 | H44: =F44-G44 -> 3
A45: 41 | B45: Hellen Botha | C45: PCELC | D45: -2 | E45: 2 | F45: =D45+E45 -> 0 | H45: =F45-G45 -> 0
A46: 42 | B46: Khondowe Laureen | C46: Primary | D46: 0 | E46: 2 | F46: =D46+E46 -> 2 | H46: =F46-G46 -> 2
A47: 43 | B47: mvula Sayenera | C47: Secondary | D47: 5 | E47: 2 | F47: =D47+E47 -> 7 | H47: =F47-G47 -> 7
A48: 44 | B48: Faith Hanunga | C48: Secretary | D48: 13 | E48: 2 | F48: =D48+E48 -> 15 | G48: 3 | H48: =F48-G48 -> 12
A49: 45 | B49: Chinuuka Gloria | C49: Secretary | D49: 98 | E49: 2 | F49: =D49+E49 -> 100 | H49: =F49-G49 -> 100
A50: 46 | B50: Zulu Golden | C50: property Manager | D50: 53 | E50: 2 | F50: =D50+E50 -> 55 | H50: =F50-G50 -> 55
A51: 47 | B51: Alexander Muteba | C51: Security officer | D51: 83 | E51: 2 | F51: =D51+E51 -> 85 | H51: =F51-G51 -> 85
A52: 48 | B52: Hellen Mbewe | C52: Head PCELC | D52: 125 | E52: 2 | F52: =D52+E52 -> 127 | G52: 3 | H52: =F52-G52 -> 124
A53: 49 | B53: Bertha Shantotola | C53: Teacher PCELC | D53: -1 | E53: 2 | F53: =D53+E53 -> 1 | H53: =F53-G53 -> 1
A54: 50 | B54: Priscilla Lutele | C54: Teacher PCELC | D54: -2 | E54: 2 | F54: =D54+E54 -> 0 | H54: =F54-G54 -> 0
A55: 51 | B55: Bwalya Mwaba | C55: Teacher PCELc | D55: 12 | E55: 2 | F55: =D55+E55 -> 14 | H55: =F55-G55 -> 14
A56: 52 | B56: Tracy Chuulu | C56: teacher PCELC | D56: 2 | E56: 2 | F56: =D56+E56 -> 4 | G56: 1 | H56: =F56-G56 -> 3
A57: 53 | B57: Barbra Bwalya | C57: Teacher PCELC | D57: 0 | E57: 2 | F57: =D57+E57 -> 2 | H57: =F57-G57 -> 2
A58: 54 | B58: Dorcus Mwinina | C58: ELC Helper | D58: 85 | E58: 2 | F58: =D58+E58 -> 87 | H58: =F58-G58 -> 87
A59: 55 | B59: Ruth Zinduna | C59: General Works | D59: 42 | E59: 2 | F59: =D59+E59 -> 44 | H59: =F59-G59 -> 44
A60: 56 | B60: Moyo Tendai | C60: General Works | D60: 65 | E60: 2 | F60: =D60+E60 -> 67 | H60: =F60-G60 -> 67
A61: 57 | B61: Nyedwa Eneless | C61: general Works | D61: 31 | E61: 2 | F61: =D61+E61 -> 33 | H61: =F61-G61 -> 33
A62: 58 | B62: Alex Mulenga | C62: General works | D62: 73 | E62: 2 | F62: =D62+E62 -> 75 | H62: =F62-G62 -> 75
A63: 59 | B63: Lyson Mbelenji | C63: general works | D63: 151 | E63: 2 | F63: =D63+E63 -> 153 | H63: =F63-G63 -> 153
A64: 60 | B64: amon Kaluba | C64: general works | D64: 53 | E64: 2 | F64: =D64+E64 -> 55 | G64: 2 | H64: =F64-G64 -> 53
A65: 61 | B65: Lingson Zulu | C65: General works | D65: 36 | E65: 2 | F65: =D65+E65 -> 38 | H65: =F65-G65 -> 38
A66: 62 | B66: sakala Christine | C66: general works | D66: 95 | E66: 2 | F66: =D66+E66 -> 97 | H66: =F66-G66 -> 97
A67: 63 | B67: David Banda | C67: General works | D67: 54 | E67: 2 | F67: =D67+E67 -> 56 | H67: =F67-G67 -> 56
A68: 64 | B68: mtonga James | C68: General Works | D68: 57 | E68: 2 | F68: =D68+E68 -> 59 | H68: =F68-G68 -> 59
A69: 65 | B69: Raymond Zulu | C69: General works | D69: 82 | E69: 2 | F69: =D69+E69 -> 84 | H69: =F69-G69 -> 84
A70: 66 | B70: Christopher Sakala | C70: General works | D70: 45 | E70: 2 | F70: =D70+E70 -> 47 | H70: =F70-G70 -> 47
A71: 67 | B71: Moyo Hastings | C71: general Works | D71: 82 | E71: 2 | F71: =D71+E71 -> 84 | H71: =F71-G71 -> 84
A72: 68 | B72: Mwikisa Lubosi | C72: General Works | D72: 90 | E72: 2 | F72: =D72+E72 -> 92 | H72: =F72-G72 -> 92
A73: 69 | B73: martin Kampamba | C73: General Works | D73: 117 | E73: 2 | F73: =D73+E73 -> 119 | H73: =F73-G73 -> 119
A74: 70 | B74: Lungu Stella | C74: General Works | D74: 49 | E74: 2 | F74: =D74+E74 -> 51 | H74: =F74-G74 -> 51
A75: 71 | B75: Sinoya Lungu | C75: Security | D75: 24 | E75: 2 | F75: =D75+E75 -> 26 | H75: =F75-G75 -> 26
A76: 72 | B76: harriet Tembo | C76: PCELC | D76: 68 | E76: 2 | F76: =D76+E76 -> 70 | H76: =F76-G76 -> 70
A77: 73 | B77: imbuwa Kakanda | C77: PCEL | D77: 50 | E77: 2 | F77: =D77+E77 -> 52 | H77: =F77-G77 -> 52
A78: 74 | B78: situmbeko mwangala | C78: elc helper | D78: 54 | E78: 2 | F78: =D78+E78 -> 56 | G78: 1 | H78: =F78-G78 -> 55
A79: 75 | B79: Esnart Mwanza | C79: PCELC | D79: 36 | E79: 2 | F79: =D79+E79 -> 38 | H79: =F79-G79 -> 38
A80: 76 | B80: nakaundi getrude | C80: elc helper | D80: 77 | E80: 2 | F80: =D80+E80 -> 79 | H80: =F80-G80 -> 79
A81: 77 | B81: njovu samson | C81: driver | D81: 98 | E81: 2 | F81: =D81+E81 -> 100 | H81: =F81-G81 -> 100
A82: 78 | B82: nicholus nsemiwe | C82: ass accountant | D82: 214 | E82: 2 | F82: =D82+E82 -> 216 | H82: =F82-G82 -> 216
A83: 79 | B83: chola Sichivula | C83: driver | D83: 47 | E83: 2 | F83: =D83+E83 -> 49 | H83: =F83-G83 -> 49
A84: 80 | B84: zimba Robert | C84: head Driver | D84: 33 | E84: 2 | F84: =D84+E84 -> 35 | H84: =F84-G84 -> 35
A85: 81 | B85: kelvin banda | C85: driver | D85: 36 | E85: 2 | F85: =D85+E85 -> 38 | H85: =F85-G85 -> 38
A86: 82 | B86: Kambani Benson | C86: Driver | D86: 60 | E86: 2 | F86: =D86+E86 -> 62 | H86: =F86-G86 -> 62
A87: 83 | B87: Banda Westone | C87: Teacher Secondary | D87: 5 | E87: 2 | F87: =D87+E87 -> 7 | H87: =F87-G87 -> 7
A88: 84 | B88: siyanga George | C88: driver | D88: 60 | E88: 2 | F88: =D88+E88 -> 62 | H88: =F88-G88 -> 62
A89: 85 | B89: malumani malumani | C89: driver | D89: 63 | E89: 2 | F89: =D89+E89 -> 65 | H89: =F89-G89 -> 65
A90: 86 | B90: chirwa Gibson | C90: driver | D90: 48 | E90: 2 | F90: =D90+E90 -> 50 | H90: =F90-G90 -> 50
A91: 87 | B91: Emmanuel Banda | C91: Bussiness Development Manager | D91: 51 | E91: 2 | F91: =D91+E91 -> 53 | G91: 10 | H91: =F91-G91 -> 43
A92: 88 | B92: Mumba Mwenda | C92: Ass Company Secretary | D92: 4 | E92: 2 | F92: =D92+E92 -> 6 | G92: 2 | H92: =F92-G92 -> 4
A93: 89 | B93: Mary Khoza | C93: general works | D93: 133 | E93: 2 | F93: =D93+E93 -> 135 | H93: =F93-G93 -> 135
A94: 90 | B94: Mulima Wakumelo | C94: general works | D94: 204.5 | E94: 2 | F94: =D94+E94 -> 206.5 | H94: =F94-G94 -> 206.5
A95: 91 | B95: kapinda Wakumelo | C95: general works | D95: 94 | E95: 2 | F95: =D95+E95 -> 96 | H95: =F95-G95 -> 96
A96: 92 | B96: Mainza Chipepo | C96: Media Officer | D96: 63 | E96: 2 | F96: =D96+E96 -> 65 | H96: =F96-G96 -> 65
A97: 93 | B97: Chisela M silwamba | C97: HRO | D97: 57 | E97: 2 | F97: =D97+E97 -> 59 | H97: =F97-G97 -> 59
A98: 94 | B98: Mandona Kangwa | C98: Librarian | D98: 18 | E98: 2 | F98: =D98+E98 -> 20 | H98: =F98-G98 -> 20
A99: 95 | B99: Katabwa Osward | C99: Secondary | D99: 4 | E99: 2 | F99: =D99+E99 -> 6 | H99: =F99-G99 -> 6
A100: 96 | B100: mwansa Kalizya | C100: Swimming | D100: 0 | E100: 2 | F100: =D100+E100 -> 2 | H100: =F100-G100 -> 2
A101: 97 | B101: Funwell Kunda | C101: ICT/GEOG | D101: 0 | E101: 2 | F101: =D101+E101 -> 2 | H101: =F101-G101 -> 2
...

Sheet Nov-25
C2: CHUDLEIGH HOUSE SCHOOL STAFF LEAVE DAYS
C3: FOR THE MONTH OF FEBRUARY 2022
B4: NAME | C4: POSITION | D4: OPENING | E4: DAYS EARNED | F4: TOTAL | G4: DAYS TAKEN | H4: NET
A5: 1 | B5: ABBY PHIRI | D5: ='Oct-25'!H5 -> 39 | E5: 2 | F5: =D5+E5 -> 41 | H5: =F5-G5 -> 41
A6: 2 | B6: Margaret Mukondwa | C6: Executive Assistant | D6: ='Oct-25'!H6 -> 136 | E6: 2 | F6: =D6+E6 -> 138 | H6: =F6-G6 -> 138
A7: 3 | B7: mizzie Mutambo | C7: ass. Accountant | D7: ='Oct-25'!H7 -> 54 | E7: 2 | F7: =D7+E7 -> 56 | H7: =F7-G7 -> 56
A8: 4 | B8: Tembo Bertha | C8: teacher Primary | D8: ='Oct-25'!H8 -> 1 | E8: 2 | F8: =D8+E8 -> 3 | H8: =F8-G8 -> 3
A9: 5 | B9: Kamanugu Mriiam | C9: Teacher Primary | D9: ='Oct-25'!H9 -> 12 | E9: 2 | F9: =D9+E9 -> 14 | H9: =F9-G9 -> 14
A10: 6 | B10: Chisenga Gillian Mwambela | C10: teacher Primary | D10: ='Oct-25'!H10 -> 2 | E10: 2 | F10: =D10+E10 -> 4 | H10: =F10-G10 -> 4
A11: 7 | B11: Nambela Mercy | C11: teacher Primary | D11: ='Oct-25'!H11 -> 0 | E11: 2 | F11: =D11+E11 -> 2 | H11: =F11-G11 -> 2
A12: 8 | B12: Mutale Mirram | C12: teacher Primary | D12: ='Oct-25'!H12 -> 2 | E12: 2 | F12: =D12+E12 -> 4 | H12: =F12-G12 -> 4
A13: 9 | B13: Zimba Francisca | C13: teacher Primary | D13: ='Oct-25'!H13 -> 2 | E13: 9 | F13: =D13+E13 -> 11 | H13: =F13-G13 -> 11
A14: 10 | B14: Ireen Nachinga | C14: teacher Primary | D14: ='Oct-25'!H14 -> 2 | E14: 2 | F14: =D14+E14 -> 4 | H14: =F14-G14 -> 4
A15: 11 | B15: Munyati Senitor | C15: PCELC - Teacher | D15: ='Oct-25'!H15 -> 1 | E15: 2 | F15: =D15+E15 -> 3 | H15: =F15-G15 -> 3
A16: 12 | B16: Banda Mary | C16: PCELC- Teacher | D16: ='Oct-25'!H16 -> 10 | E16: 2 | F16: =D16+E16 -> 12 | G16: 3 | H16: =F16-G16 -> 9
A17: 13 | B17: Mwanida Jere | C17: PCELC- Teacher | D17: ='Oct-25'!H17 -> 0 | E17: 2 | F17: =D17+E17 -> 2 | H17: =F17-G17 -> 2
A18: 14 | B18: George Kakoma | C18: Cashier | D18: ='Oct-25'!H18 -> 35 | E18: 2 | F18: =D18+E18 -> 37 | H18: =F18-G18 -> 37
A19: 15 | B19: Masebo Hudson | C19: School Bursar | D19: ='Oct-25'!H19 -> 111 | E19: 2 | F19: =D19+E19 -> 113 | H19: =F19-G19 -> 113
A20: 16 | B20: Nancy nanyangwe | C20: Cashier | D20: ='Oct-25'!H20 -> 82 | E20: 2 | F20: =D20+E20 -> 84 | H20: =F20-G20 -> 84
A21: 17 | B21: samuel Chinyama | C21: Teacher | D21: ='Oct-25'!H21 -> 9 | E21: 2 | F21: =D21+E21 -> 11 | H21: =F21-G21 -> 11
A22: 18 | B22: besa Godfrey | C22: Senior Techer | D22: ='Oct-25'!H22 -> 8 | E22: 2 | F22: =D22+E22 -> 10 | H22: =F22-G22 -> 10
A23: 19 | B23: Mario Kambani | C23: General Works | D23: ='Oct-25'!H23 -> 4 | E23: 2 | F23: =D23+E23 -> 6 | H23: =F23-G23 -> 6
A24: 20 | B24: Josaya Milanzi | C24: Teacher | D24: ='Oct-25'!H24 -> 4 | E24: 2 | F24: =D24+E24 -> 6 | H24: =F24-G24 -> 6
A25: 21 | B25: Timothy Phiri | C25: General Works | D25: ='Oct-25'!H25 -> 30 | E25: 2 | F25: =D25+E25 -> 32 | H25: =F25-G25 -> 32
A26: 22 | B26: Winnie Sishwani | C26: Teacher Secondary | D26: ='Oct-25'!H26 -> 10 | E26: 2 | F26: =D26+E26 -> 12 | H26: =F26-G26 -> 12
A27: 23 | B27: Valentine Zulu | C27: Teacher Secondary | D27: ='Oct-25'!H27 -> 7 | E27: 2 | F27: =D27+E27 -> 9 | H27: =F27-G27 -> 9
A28: 24 | B28: Tembo Diana | C28: lib Assitant | D28: ='Oct-25'!H28 -> 18 | E28: 2 | F28: =D28+E28 -> 20 | H28: =F28-G28 -> 20
... A40: 36 | B40: caleb Simuchimba | C40: Secondary | D40: ='Oct-25'!H40 -> 7 | E40: 2 | F40: =D40+E40 -> 9 | H40: =F40-G40 -> 9
A41: 37 | B41: Kabemba Kim Kabemba | C41: Primary | D41: ='Oct-25'!H41 -> -6 | E41: 2 | F41: =D41+E41 -> -4 | G41: 8 | H41: =F41-G41 -> -12
A42: 38 | B42: mtonga camila | C42: Primary | D42: ='Oct-25'!H42 -> -2 | E42: 2 | F42: =D42+E42 -> 0 | H42: =F42-G42 -> 0
A43: 39 | B43: Kasaro Flatter | C43: Primary - senior | D43: ='Oct-25'!H43 -> 8 | E43: 2 | F43: =D43+E43 -> 10 | H43: =F43-G43 -> 10
A44: 40 | B44: Jere Davison | C44: Primary | D44: ='Oct-25'!H44 -> 3 | E44: 0 | F44: =D44+E44 -> 3 | H44: =F44-G44 -> 3
A45: 41 | B45: Gideon Chikumba | C45: teacher Primary | D45: ='Oct-25'!H45 -> 0 | E45: 0 | F45: =D45+E45 -> 0 | H45: =F45-G45 -> 0
A46: 42 | B46: Khondowe Laureen | C46: Primary | D46: ='Oct-25'!H46 -> 2 | E46: 0 | F46: =D46+E46 -> 2 | H46: =F46-G46 -> 2
A47: 43 | B47: mvula Sayenera | C47: Secondary | D47: ='Oct-25'!H47 -> 7 | E47: 0 | F47: =D47+E47 -> 7 | H47: =F47-G47 -> 7
A48: 44 | B48: Faith Hanunga | C48: Secretary | D48: ='Oct-25'!H48 -> 12 | E48: 2 | F48: =D48+E48 -> 14 | H48: =F48-G48 -> 14
A49: 45 | B49: Chinuuka Gloria | C49: Secretary | D49: ='Oct-25'!H49 -> 100 | E49: 2 | F49: =D49+E49 -> 102 | H49: =F49-G49 -> 102
A50: 46 | B50: Arthur Nyangu | C50: Secondary - assistant | D50: ='Oct-25'!H50 -> 55 | E50: 0 | F50: =D50+E50 -> 55 | H50: =F50-G50 -> 55
A51: 47 | B51: robert Shikupa | C51: PCELC assistant | D51: ='Oct-25'!H51 -> 85 | E51: 2 | F51: =D51+E51 -> 87 | H51: =F51-G51 -> 87
A52: 48 | B52: Hellen Mbewe | C52: Head PCELC | D52: ='Oct-25'!H52 -> 124 | E52: 2 | F52: =D52+E52 -> 126 | H52: =F52-G52 -> 126
A53: 49 | B53: Bertha Shantotola | C53: Teacher PCELC | D53: ='Oct-25'!H53 -> 1 | E53: 2 | F53: =D53+E53 -> 3 | H53: =F53-G53 -> 3
... A72: 68 | B72: Mwikisa Lubosi | C72: General Works | D72: ='Oct-25'!H72 -> 92 | E72: 2 | F72: =D72+E72 -> 94 | H72: =F72-G72 -> 94
A73: 69 | B73: martin Kampamba | C73: General Works | D73: ='Oct-25'!H73 -> 119 | E73: 2 | F73: =D73+E73 -> 121 | G73: 8 | H73: =F73-G73 -> 113
A74: 70 | B74: Lungu Stella | C74: General Works | D74: ='Oct-25'!H74 -> 51 | E74: 2 | F74: =D74+E74 -> 53 | H74: =F74-G74 -> 53
A75: 71 | B75: Lupasha Jane | C75: General Works | D75: ='Oct-25'!H75 -> 26 | E75: 2 | F75: =D75+E75 -> 28 | G75: 10 | H75: =F75-G75 -> 18
A76: 72 | B76: harriet Tembo | C76: PCELC | D76: ='Oct-25'!H76 -> 70 | E76: 0 | F76: =D76+E76 -> 70 | H76: =F76-G76 -> 70
A77: 73 | B77: imbuwa Kakanda | C77: PCEL | D77: ='Oct-25'!H77 -> 52 | E77: 2 | F77: =D77+E77 -> 54 | H77: =F77-G77 -> 54
A78: 74 | B78: situmbeko mwangala | C78: elc helper | D78: ='Oct-25'!H78 -> 55 | E78: 2 | F78: =D78+E78 -> 57 | G78: 2 | H78: =F78-G78 -> 55
A79: 75 | B79: Esnart Mwanza | C79: PCELC | D79: ='Oct-25'!H79 -> 38 | E79: 0 | F79: =D79+E79 -> 38 | H79: =F79-G79 -> 38
A80: 76 | B80: nakaundi getrude | C80: elc helper | D80: ='Oct-25'!H80 -> 79 | E80: 0 | F80: =D80+E80 -> 79 | H80: =F80-G80 -> 79
A81: 77 | B81: njovu samson | C81: executive driver | D81: ='Oct-25'!H81 -> 100 | E81: 0 | F81: =D81+E81 -> 100 | H81: =F81-G81 -> 100
A82: 78 | B82: nicholus nsemiwe | C82: ass accountant | D82: ='Oct-25'!H82 -> 216 | E82: 2 | F82: =D82+E82 -> 218 | H82: =F82-G82 -> 218
A83: 79 | B83: chola Sichivula | C83: driver | D83: ='Oct-25'!H83 -> 49 | E83: 2 | F83: =D83+E83 -> 51 | H83: =F83-G83 -> 51
A84: 80 | B84: zimba Robert | C84: head Driver | D84: ='Oct-25'!H84 -> 35 | E84: 2 | F84: =D84+E84 -> 37 | H84: =F84-G84 -> 37
A85: 81 | B85: kelvin banda | C85: driver | D85: ='Oct-25'!H85 -> 38 | E85: 0 | F85: =D85+E85 -> 38 | H85: =F85-G85 -> 38
A86: 82 | B86: Kambani Benson | C86: Driver | D86: ='Oct-25'!H86 -> 62 | E86: 2 | F86: =D86+E86 -> 64 | H86: =F86-G86 -> 64
A87: 83 | B87: juluis Phiri | C87: Driver | D87: ='Oct-25'!H87 -> 7 | E87: 2 | F87: =D87+E87 -> 9 | H87: =F87-G87 -> 9
A88: 84 | B88: siyanga George | C88: driver | D88: ='Oct-25'!H88 -> 62 | E88: 0 | F88: =D88+E88 -> 62 | H88: =F88-G88 -> 62
A89: 85 | B89: malumani malumani | C89: driver | D89: ='Oct-25'!H89 -> 65 | E89: 2 | F89: =D89+E89 -> 67 | H89: =F89-G89 -> 67
A90: 86 | B90: chirwa lackson | C90: driver | D90: ='Oct-25'!H90 -> 50 | E90: 2 | F90: =D90+E90 -> 52 | G90: 9 | H90: =F90-G90 -> 43
A91: 87 | B91: ignatius nyakawele | C91: driver | D91: ='Oct-25'!H91 -> 43 | E91: 2 | F91: =D91+E91 -> 45 | H91: =F91-G91 -> 45
A92: 88 | B92: mwansa bwalya | C92: driver | D92: ='Oct-25'!H92 -> 4 | E92: 2 | F92: =D92+E92 -> 6 | H92: =F92-G92 -> 6
A93: 89 | B93: Mary Khoza | C93: general works | D93: ='Oct-25'!H93 -> 135 | E93: 2 | F93: =D93+E93 -> 137 | H93: =F93-G93 -> 137
A94: 90 | B94: Mulima Wakumelo | C94: general works | D94: ='Oct-25'!H94 -> 206.5 | E94: 2.5 | F94: =D94+E94 -> 209 | H94: =F94-G94 -> 209
A95: 91 | B95: kapinda Wakumelo | C95: general works | D95: ='Oct-25'!H95 -> 96 | E95: 2 | F95: =D95+E95 -> 98 | H95: =F95-G95 -> 98
A96: 92 | B96: Mainza Chipepo | C96: Media Officer | D96: ='Oct-25'!H96 -> 65 | E96: 2 | F96: =D96+E96 -> 67 | H96: =F96-G96 -> 67
A97: 93 | B97: Chisela M silwamba | C97: HRO | D97: ='Oct-25'!H97 -> 59 | E97: 2 | F97: =D97+E97 -> 61 | H97: =F97-G97 -> 61
A98: 94 | B98: Mandona Kangwa | C98: Librarian | D98: ='Oct-25'!H98 -> 20 | E98: 2 | F98: =D98+E98 -> 22 | H98: =F98-G98 -> 22
A99: 95 | B99: Katabwa Osward | C99: Secondary | D99: ='Oct-25'!H99 -> 6 | E99: 2 | F99: =D99+E99 -> 8 | H99: =F99-G99 -> 8
A100: 96 | B100: mwansa Kalizya | C100: Swimming | D100: ='Oct-25'!H100 -> 2 | E100: 0 | F100: =D100+E100 -> 2 | H100: =F100-G100 -> 2
A101: 97 | B101: Phillip Sakala | C101: Secondary | D101: ='Oct-25'!H101 -> 2 | E101: 0 | F101: =D101+E101 -> 2 | H101: =F101-G101 -> 2
A102: 98 | B102: Chakufyali Victor | C102: Primary | D102: ='Oct-25'!H102 -> 7 | E102: 2 | F102: =D102+E102 -> 9 | H102: =F102-G102 -> 9
A103: 99 | B103: Memory Phiri | C103: Primary | D103: ='Oct-25'!H103 -> 2 | E103: 2 | F103: =D103+E103 -> 4 | H103: =F103-G103 -> 4
A104: 100 | C104: Primary | D104: ='Oct-25'!H104 -> 18 | E104: 2 | F104: =D104+E104 -> 20 | H104: =F104-G104 -> 20
A105: 101 | B105: Mwape Chongo | C105: Primary | D105: ='Oct-25'!H105 -> -3 | E105: 2 | F105: =D105+E105 -> -1 | H105: =F105-G105 -> -1
A106: 102 | C106: Primary | D106: ='Oct-25'!H106 -> 18 | E106: 2 | F106: =D106+E106 -> 20 | H106: =F106-G106 -> 20
A107: 103 | B107: Richard Chilekwa | C107: Security | D107: ='Oct-25'!H107 -> 56 | E107: 2 | F107: =D107+E107 -> 58 | H107: =F107-G107 -> 58
A108: 104 | B108: faides Daka | C108: security | D108: ='Oct-25'!H108 -> 41 | E108: 2 | F108: =D108+E108 -> 43 | H108: =F108-G108 -> 43
A109: 105 | B109: Gift Kapalayi | C109: Security | D109: ='Oct-25'!H109 -> 54 | E109: 2 | F109: =D109+E109 -> 56 | H109: =F109-G109 -> 56
A110: 106 | B110: Levy Ingwe | C110: Security | D110: ='Oct-25'!H110 -> 130 | E110: 2 | F110: =D110+E110 -> 132 | H110: =F110-G110 -> 132
A111: 107 | B111: zulu Anderson | C111: Security | D111: ='Oct-25'!H111 -> 52 | E111: 0 | F111: =D111+E111 -> 52 | H111: =F111-G111 -> 52
A112: 108 | B112: Sholobela Abigail | C112: Security Officer | D112: ='Oct-25'!H112 -> 32 | E112: 2 | F112: =D112+E112 -> 34 | H112: =F112-G112 -> 34
A113: 109 | B113: sley Banda | C113: Driver | D113: ='Oct-25'!H113 -> 16 | E113: 2 | F113: =D113+E113 -> 18 | H113: =F113-G113 -> 18
A114: 110 | B114: Douglas Soko | C114: Teacher Secondary | D114: ='Oct-25'!H114 -> 20 | E114: 2 | F114: =D114+E114 -> 22 | H114: =F114-G114 -> 22
A115: 111 | B115: chama Mathews | C115: general Works | D115: ='Oct-25'!H115 -> 7 | E115: 2 | F115: =D115+E115 -> 9 | H115: =F115-G115 -> 9
A116: 112 | B116: Mirriam Kamangu | C116: Teacher Primary | D116: ='Oct-25'!H116 -> -7 | E116: 2 | F116: =D116+E116 -> -5 | H116: =F116-G116 -> -5
A117: 113 | B117: Chongo Lillian | C117: General Works | D117: ='Oct-25'!H117 -> 65 | E117: 2 | F117: =D117+E117 -> 67 | H117: =F117-G117 -> 67
A118: 114 | B118: felix Mukuni | C118: Security | D118: ='Oct-25'!H118 -> 64 | E118: 2 | F118: =D118+E118 -> 66 | H118: =F118-G118 -> 66
... A132: 128 | B132: Richard Chilekwa | C132: Security | D132: ='Oct-25'!H132 -> 29 | E132: 2 | F132: =D132+E132 -> 31 | H132: =F132-G132 -> 31
A133: 129 | C133: security | D133: ='Oct-25'!H133 -> 54 | E133: 2 | F133: =D133+E133 -> 56 | H133: =F133-G133 -> 56
A134: 130 | B134: Gift Kapalayi | C134: Security | D134: ='Oct-25'!H134 -> 28 | E134: 2 | F134: =D134+E134 -> 30 | H134: =F134-G134 -> 30
A135: 131 | B135: Levy Ingwe | C135: Security | D135: ='Oct-25'!H135 -> 32 | E135: 2 | F135: =D135+E135 -> 34 | H135: =F135-G135 -> 34
A136: 132 | B136: zulu Anderson | C136: Security | D136: ='Oct-25'!H136 -> 123 | E136: 2 | F136: =D136+E136 -> 125 | H136: =F136-G136 -> 125
A137: 133 | B137: Sholobela Abigail | C137: Security Officer | D137: ='Oct-25'!H137 -> 36 | E137: 2 | F137: =D137+E137 -> 38 | H137: =F137-G137 -> 38
A138: 134 | B138: Chirwa Lackson | C138: ass. Head Driver | D138: ='Oct-25'!H138 -> 65 | E138: 2 | F138: =D138+E138 -> 67 | H138: =F138-G138 -> 67
A139: 135 | B139: Charity Chisala | C139: General Works Helper | D139: ='Oct-25'!H139 -> 16 | E139: 2 | F139: =D139+E139 -> 18 | H139: =F139-G139 -> 18
A140: 136 | B140: chama Mathews | C140: general Works | D140: ='Oct-25'!H140 -> 16 | E140: 2 | F140: =D140+E140 -> 18 | H140: =F140-G140 -> 18
A141: 137 | B141: Rabbeca Chiwala | C141: general Works | D141: ='Oct-25'!H141 -> 7 | E141: 2 | F141: =D141+E141 -> 9 | H141: =F141-G141 -> 9
A142: 138 | B142: Chongo Lillian | C142: General Works | D142: ='Oct-25'!H142 -> -1 | E142: 2 | F142: =D142+E142 -> 1 | H142: =F142-G142 -> 1
A143: 139 | B143: felix Mukuni | C143: Security | D143: ='Oct-25'!H143 -> 18 | E143: 2 | F143: =D143+E143 -> 20 | H143: =F143-G143 -> 20
...

Sheet Dec-25
C2: CHUDLEIGH HOUSE SCHOOL STAFF LEAVE DAYS
C3: FOR THE MONTH OF FEBRUARY 2022
B4: NAME | C4: POSITION | D4: OPENING | E4: DAYS EARNED | F4: TOTAL | G4: DAYS TAKEN | H4: NET
A5: 1 | B5: ABBY PHIRI | D5: ='Nov-25'!H5 -> 41 | E5: 2 | F5: =D5+E5 -> 43 | H5: =F5-G5 -> 43
A6: 2 | B6: Margaret Mukondwa | C6: Executive Assistant | D6: ='Apr-25'!H6 -> 139 | E6: 2 | F6: =D6+E6 -> 141 | H6: =F6-G6 -> 141
A7: 3 | B7: mizzie Mutambo | C7: ass. Accountant | D7: 21 | E7: 2 | F7: =D7+E7 -> 23 | H7: =F7-G7 -> 23
A8: 4 | B8: Tembo Bertha | C8: teacher Primary | D8: 185 | E8: 2 | F8: =D8+E8 -> 187 | H8: =F8-G8 -> 187
A9: 5 | B9: Kamanugu Mriiam | C9: Teacher Primary | D9: ='Apr-25'!H9 -> 0 | E9: 2 | F9: =D9+E9 -> 2 | G9: 10 | H9: =F9-G9 -> -8
A10: 6 | B10: Chisenga Gillian Mwambela | C10: teacher Primary | D10: 88 | E10: 2 | F10: =D10+E10 -> 90 | G10: 2 | H10: =F10-G10 -> 88
A11: 7 | B11: Nambela Mercy | C11: teacher Primary | D11: 33 | E11: 2 | F11: =D11+E11 -> 35 | H11: =F11-G11 -> 35
A12: 8 | B12: Mutale Mirram | C12: teacher Primary | D12: 12 | E12: 2 | F12: =D12+E12 -> 14 | G12: 5 | H12: =F12-G12 -> 9
A13: 9 | B13: Zimba Francisca | C13: teacher Primary | D13: 26 | E13: 2 | F13: =D13+E13 -> 28 | G13: 10 | H13: =F13-G13 -> 18
A14: 10 | B14: Ireen Nachinga | C14: teacher Primary | D14: 42 | E14: 2 | F14: =D14+E14 -> 44 | G14: 5 | H14: =F14-G14 -> 39
A15: 11 | B15: Munyati Senitor | C15: PCELC - Teacher | D15: 22 | E15: 2 | F15: =D15+E15 -> 24 | G15: 5 | H15: =F15-G15 -> 19
A16: 12 | B16: Banda Mary | C16: PCELC- Teacher | D16: 43 | E16: 2 | F16: =D16+E16 -> 45 | H16: =F16-G16 -> 45
A17: 13 | B17: Mwanida Jere | C17: PCELC- Teacher | D17: ='Apr-25'!H17 -> -6 | E17: 2 | F17: =D17+E17 -> -4 | G17: 5 | H17: =F17-G17 -> -9
A18: 14 | B18: George Kakoma | C18: Cashier | D18: 36 | E18: 2 | F18: =D18+E18 -> 38 | G18: 5 | H18: =F18-G18 -> 33
A19: 15 | B19: Masebo Hudson | C19: School Bursar | D19: 27 | E19: 2 | F19: =D19+E19 -> 29 | H19: =F19-G19 -> 29
A20: 16 | B20: Nancy nanyangwe | C20: Cashier | D20: 43 | E20: 2 | F20: =D20+E20 -> 45 | H20: =F20-G20 -> 45
A21: 17 | B21: samuel Chinyama | C21: Teacher | D21: 45 | E21: 2 | F21: =D21+E21 -> 47 | G21: 6 | H21: =F21-G21 -> 41
A22: 18 | B22: besa Godfrey | C22: Senior Techer | D22: 74 | E22: 2 | F22: =D22+E22 -> 76 | G22: 4 | H22: =F22-G22 -> 72
A23: 19 | B23: Mario Kambani | C23: General Works | D23: 10 | E23: 2 | F23: =D23+E23 -> 12 | G23: 6 | H23: =F23-G23 -> 6
A24: 20 | B24: Josaya Milanzi | C24: Teacher | D24: 13 | E24: 2 | F24: =D24+E24 -> 15 | G24: 6 | H24: =F24-G24 -> 9
A25: 21 | B25: Timothy Phiri | C25: General Works | D25: 33 | E25: 2 | F25: =D25+E25 -> 35 | G25: 7 | H25: =F25-G25 -> 28
A26: 22 | B26: Winnie Sishwani | C26: Teacher Secondary | D26: 38 | E26: 2 | F26: =D26+E26 -> 40 | G26: 5 | H26: =F26-G26 -> 35
A27: 23 | B27: Valentine Zulu | C27: Teacher Secondary | D27: 29 | E27: 2 | F27: =D27+E27 -> 31 | G27: 6 | H27: =F27-G27 -> 25
A28: 24 | B28: Tembo Diana | C28: lib Assitant | D28: 34 | E28: 2 | F28: =D28+E28 -> 36 | G28: 5 | H28: =F28-G28 -> 31
A29: 25 | B29: Kikaba Obedieah | C29: Teacher Secondary | D29: 76 | E29: 2 | F29: =D29+E29 -> 78 | G29: 4 | H29: =F29-G29 -> 74
A30: 26 | B30: Anderson Ngulube | C30: Secondary | D30: 22 | E30: 2 | F30: =D30+E30 -> 24 | H30: =F30-G30 -> 24
A31: 27 | B31: fredrick Phiri | C31: Primary | D31: 9 | E31: 2 | F31: =D31+E31 -> 11 | G31: 13 | H31: =F31-G31 -> -2
A32: 28 | B32: kalongana Nyambe | C32: security | D32: 8 | E32: 2 | F32: =D32+E32 -> 10 | H32: =F32-G32 -> 10
A33: 29 | B33: Namakala Mackenzie | C33: Primary Head | D33: 4 | E33: 2 | F33: =D33+E33 -> 6 | G33: 10 | H33: =F33-G33 -> -4
A34: 30 | B34: Mashewa Alice | C34: Primary | D34: ='Apr-25'!H34 -> 0 | E34: 2 | F34: =D34+E34 -> 2 | H34: =F34-G34 -> 2
A35: 31 | B35: Rose Daka | C35: PCELC | D35: ='Apr-25'!H35 -> 7 | E35: 2 | F35: =D35+E35 -> 9 | G35: 15 | H35: =F35-G35 -> -6
A36: 32 | B36: priscilla Muluso | C36: primary | D36: 24 | E36: 2 | F36: =D36+E36 -> 26 | G36: 3 | H36: =F36-G36 -> 23
A37: 33 | B37: Banda Esther | C37: prmary | D37: 9 | E37: 2 | F37: =D37+E37 -> 11 | G37: 13 | H37: =F37-G37 -> -2
A38: 34 | B38: beatrice Kasuka | C38: General works | D38: 9 | E38: 2 | F38: =D38+E38 -> 11 | G38: 13 | H38: =F38-G38 -> -2
A39: 35 | B39: gwaba Mweemba | C39: Head Secondary | D39: 4 | E39: 2 | F39: =D39+E39 -> 6 | G39: 15 | H39: =F39-G39 -> -9
A40: 36 | B40: caleb Simuchimba | C40: Secondary | D40: 81 | E40: 2 | F40: =D40+E40 -> 83 | H40: =F40-G40 -> 83
A41: 37 | B41: Kabemba Kim Kabemba | C41: Primary | D41: ='Apr-25'!H41 -> 0 | E41: 2 | F41: =D41+E41 -> 2 | G41: 10 | H41: =F41-G41 -> -8
A42: 38 | B42: mtonga camila | C42: Primary | D42: 2 | E42: 2 | F42: =D42+E42 -> 4 | G42: 15 | H42: =F42-G42 -> -11
A43: 39 | B43: Kasaro Flatter | C43: Primary - senior | D43: 4 | E43: 2 | F43: =D43+E43 -> 6 | G43: 10 | H43: =F43-G43 -> -4
A44: 40 | B44: Jere Davison | C44: Primary | D44: ='Apr-25'!H44 -> -2 | E44: 2 | F44: =D44+E44 -> 0 | H44: =F44-G44 -> 0
A45: 41 | B45: Gideon Chikumba | C45: teacher Primary | D45: ='Apr-25'!H45 -> 4 | E45: 2 | F45: =D45+E45 -> 6 | H45: =F45-G45 -> 6
A46: 42 | B46: Khondowe Laureen | C46: Primary | D46: ='Apr-25'!H46 -> 0 | E46: 2 | F46: =D46+E46 -> 2 | H46: =F46-G46 -> 2
A47: 43 | B47: mvula Sayenera | C47: Secondary | D47: ='Apr-25'!H47 -> 10 | E47: 2 | F47: =D47+E47 -> 12 | H47: =F47-G47 -> 12
A48: 44 | B48: Faith Hanunga | C48: Secretary | D48: 4 | E48: 2 | F48: =D48+E48 -> 6 | G48: 13 | H48: =F48-G48 -> -7
A49: 45 | B49: Chinuuka Gloria | C49: Secretary | D49: ='Apr-25'!H49 -> 97 | E49: 2 | F49: =D49+E49 -> 99 | G49: 15 | H49: =F49-G49 -> 84
A50: 46 | B50: Arthur Nyangu | C50: Secondary - assistant | D50: ='Apr-25'!H50 -> 45 | E50: 2 | F50: =D50+E50 -> 47 | H50: =F50-G50 -> 47
A51: 47 | B51: robert Shikupa | C51: PCELC assistant | D51: 85 | E51: 2 | F51: =D51+E51 -> 87 | H51: =F51-G51 -> 87
A52: 48 | B52: Hellen Mbewe | C52: Head PCELC | D52: 9 | E52: 2 | F52: =D52+E52 -> 11 | G52: 13 | H52: =F52-G52 -> -2
A53: 49 | B53: Bertha Shantotola | C53: Teacher PCELC | D53: 4 | E53: 2 | F53: =D53+E53 -> 6 | G53: 13 | H53: =F53-G53 -> -7
A54: 50 | B54: Priscilla Lutele | C54: Teacher PCELC | D54: 4 | E54: 2 | F54: =D54+E54 -> 6 | G54: 13 | H54: =F54-G54 -> -7
A55: 51 | B55: Bwalya Mwaba | C55: Teacher PCELc | D55: 26 | E55: 2 | F55: =D55+E55 -> 28 | H55: =F55-G55 -> 28
A56: 52 | B56: Tracy Chuulu | C56: teacher PCELC | D56: 88 | E56: 2 | F56: =D56+E56 -> 90 | H56: =F56-G56 -> 90
A57: 53 | B57: Barbra Bwalya | C57: Teacher PCELC | D57: 43 | E57: 2 | F57: =D57+E57 -> 45 | H57: =F57-G57 -> 45
A58: 54 | B58: Dorcus Mwinina | C58: ELC Helper | D58: 9 | E58: 2 | F58: =D58+E58 -> 11 | G58: 13 | H58: =F58-G58 -> -2
A59: 55 | B59: Ruth Zinduna | C59: General Works | D59: 3 | E59: 2 | F59: =D59+E59 -> 5 | G59: 13 | H59: =F59-G59 -> -8
A60: 56 | B60: Moyo Tendai | C60: General Works | D60: 4 | E60: 2 | F60: =D60+E60 -> 6 | G60: 10 | H60: =F60-G60 -> -4
A61: 57 | B61: Nyedwa Eneless | C61: general Works | D61: 4 | E61: 2 | F61: =D61+E61 -> 6 | G61: 10 | H61: =F61-G61 -> -4
A62: 58 | B62: Alex Mulenga | C62: General works | D62: ='Apr-25'!H62 -> 120 | E62: 2 | F62: =D62+E62 -> 122 | H62: =F62-G62 -> 122
A63: 59 | B63: Lyson Mbelenji | C63: general works | D63: ='Apr-25'!H63 -> 149 | E63: 2 | F63: =D63+E63 -> 151 | G63: 10 | H63: =F63-G63 -> 141
A64: 60 | B64: amon Kaluba | C64: general works | D64: ='Apr-25'!H64 -> 49 | E64: 2 | F64: =D64+E64 -> 51 | H64: =F64-G64 -> 51
A65: 61 | B65: Lingson Zulu | C65: General works | D65: 9 | E65: 2 | F65: =D65+E65 -> 11 | G65: 13 | H65: =F65-G65 -> -2
A66: 62 | B66: sakala Christine | C66: general works | D66: 4 | E66: 2 | F66: =D66+E66 -> 6 | G66: 10 | H66: =F66-G66 -> -4
A67: 63 | B67: David Banda | C67: General works | D67: 4 | E67: 2 | F67: =D67+E67 -> 6 | G67: 10 | H67: =F67-G67 -> -4
A68: 64 | B68: mtonga James | C68: General Works | D68: 2 | E68: 2 | F68: =D68+E68 -> 4 | G68: 10 | H68: =F68-G68 -> -6
A69: 65 | B69: Raymond Zulu | C69: General works | D69: 2 | E69: 2 | F69: =D69+E69 -> 4 | G69: 10 | H69: =F69-G69 -> -6
A70: 66 | B70: Christopher Sakala | C70: General works | D70: 166 | E70: 2 | F70: =D70+E70 -> 168 | H70: =F70-G70 -> 168
A71: 67 | B71: Moyo Hastings | C71: general Works | D71: ='Apr-25'!H71 -> 79 | E71: 2 | F71: =D71+E71 -> 81 | H71: =F71-G71 -> 81
A72: 68 | B72: Mwikisa Lubosi | C72: General Works | D72: 4 | E72: 2 | F72: =D72+E72 -> 6 | G72: 13 | H72: =F72-G72 -> -7
A73: 69 | B73: martin Kampamba | C73: General Works | D73: ='Apr-25'!H73 -> 117 | E73: 2 | F73: =D73+E73 -> 119 | G73: 10 | H73: =F73-G73 -> 109
A74: 70 | B74: Lungu Stella | C74: General Works | D74: 14 | E74: 2 | F74: =D74+E74 -> 16 | H74: =F74-G74 -> 16
A75: 71 | B75: Lupasha Jane | C75: General Works | D75: -11 | E75: 2 | F75: =D75+E75 -> -9 | G75: 13 | H75: =F75-G75 -> -22
A76: 72 | B76: harriet Tembo | C76: PCELC | D76: ='Apr-25'!H76 -> 72 | E76: 2 | F76: =D76+E76 -> 74 | H76: =F76-G76 -> 74
A77: 73 | B77: imbuwa Kakanda | C77: PCEL | D77: 4 | E77: 2 | F77: =D77+E77 -> 6 | G77: 13 | H77: =F77-G77 -> -7
A78: 74 | B78: situmbeko mwangala | C78: elc helper | D78: 7 | E78: 2 | F78: =D78+E78 -> 9 | G78: 13 | H78: =F78-G78 -> -4
A79: 75 | B79: Esnart Mwanza | C79: PCELC | D79: ='Apr-25'!H79 -> 33 | E79: 2 | F79: =D79+E79 -> 35 | H79: =F79-G79 -> 35
A80: 76 | B80: nakaundi getrude | C80: elc helper | D80: ='Apr-25'!H80 -> 73 | E80: 2 | F80: =D80+E80 -> 75 | H80: =F80-G80 -> 75
A81: 77 | B81: njovu samson | C81: executive driver | D81: ='Apr-25'!H81 -> 90 | E81: 2 | F81: =D81+E81 -> 92 | H81: =F81-G81 -> 92
A82: 78 | B82: nicholus nsemiwe | C82: ass accountant | D82: 4 | E82: 2 | F82: =D82+E82 -> 6 | G82: 10 | H82: =F82-G82 -> -4
A83: 79 | B83: chola Sichivula | C83: driver | D83: 160 | E83: 2 | F83: =D83+E83 -> 162 | H83: =F83-G83 -> 162
A84: 80 | B84: zimba Robert | C84: head Driver | D84: ='Apr-25'!H84 -> 88 | E84: 2 | F84: =D84+E84 -> 90 | G84: 10 | H84: =F84-G84 -> 80
A85: 81 | B85: kelvin banda | C85: driver | D85: ='Apr-25'!H85 -> 31 | E85: 2 | F85: =D85+E85 -> 33 | H85: =F85-G85 -> 33
A86: 82 | B86: Kambani Benson | C86: Driver | D86: ='Apr-25'!H86 -> 56 | E86: 2 | F86: =D86+E86 -> 58 | G86: 13 | H86: =F86-G86 -> 45
A87: 83 | B87: juluis Phiri | C87: Driver | D87: ='Apr-25'!H87 -> 4 | E87: 2 | F87: =D87+E87 -> 6 | G87: 10 | H87: =F87-G87 -> -4
A88: 84 | B88: siyanga George | C88: driver | D88: ='Apr-25'!H88 -> 55 | E88: 2 | F88: =D88+E88 -> 57 | H88: =F88-G88 -> 57
A89: 85 | B89: malumani malumani | C89: driver | D89: 69 | E89: 2 | F89: =D89+E89 -> 71 | H89: =F89-G89 -> 71
A90: 86 | B90: chirwa lackson | C90: driver | D90: ='Apr-25'!H90 -> 38 | E90: 2 | F90: =D90+E90 -> 40 | H90: =F90-G90 -> 40
A91: 87 | B91: ignatius nyakawele | C91: driver | D91: 9 | E91: 2 | F91: =D91+E91 -> 11 | G91: 13 | H91: =F91-G91 -> -2
A92: 88 | B92: mwansa bwalya | C92: driver | D92: 28 | E92: 2 | F92: =D92+E92 -> 30 | G92: 13 | H92: =F92-G92 -> 17
A93: 89 | B93: Mary Khoza | C93: general works | D93: 12 | E93: 2 | F93: =D93+E93 -> 14 | H93: =F93-G93 -> 14
A94: 90 | B94: Mulima Wakumelo | C94: general works | D94: 44 | E94: 2 | F94: =D94+E94 -> 46 | H94: =F94-G94 -> 46
A95: 91 | B95: kapinda Wakumelo | C95: general works | D95: 38 | E95: 2 | F95: =D95+E95 -> 40 | H95: =F95-G95 -> 40
A96: 92 | B96: Mainza Chipepo | C96: Media Officer | D96: 9 | E96: 2 | F96: =D96+E96 -> 11 | G96: 6 | H96: =F96-G96 -> 5
A97: 93 | B97: Chisela M silwamba | C97: HRO | D97: 73 | E97: 2 | F97: =D97+E97 -> 75 | G97: 6 | H97: =F97-G97 -> 69
A98: 94 | B98: Mandona Kangwa | C98: Librarian | D98: 44 | E98: 2 | F98: =D98+E98 -> 46 | G98: 6 | H98: =F98-G98 -> 40
A99: 95 | B99: Katabwa Osward | C99: Secondary | D99: 4 | E99: 2 | F99: =D99+E99 -> 6 | G99: 10 | H99: =F99-G99 -> -4
A100: 96 | B100: mwansa Kalizya | C100: Swimming | D100: ='Apr-25'!H100 -> 0 | E100: 2 | F100: =D100+E100 -> 2 | H100: =F100-G100 -> 2
A101: 97 | B101: Phillip Sakala | C101: Secondary | D101: ='Apr-25'!H101 -> 4 | E101: 2 | F101: =D101+E101 -> 6 | H101: =F101-G101 -> 6
...
